consistency,pctl
96.59,0.0002536346
95.93,0.0005072692
95.12,0.0007609038
94.75,0.001014538
94.32,0.001268173
94.11,0.001521808
93.65,0.001775442
93.11,0.002029077
92.98,0.002282711
92.94,0.002536346
92.93,0.00278998
92.71,0.003043615
92.28,0.00329725
92.16,0.003550884
92.03,0.003804519
92.02,0.004058153
92,0.004311788
91.93,0.004565423
91.91,0.004819057
91.88,0.005072692
91.81,0.005326326
91.79,0.006340865
91.77,0.006594499
91.74,0.007101768
91.67,0.007355403
91.65,0.007609038
91.63,0.007862672
91.62,0.008116307
91.59,0.008623576
91.57,0.00887721
91.56,0.009130845
91.55,0.00938448
91.51,0.009638114
91.5,0.01014538
91.49,0.01039902
91.48,0.01065265
91.47,0.01090629
91.44,0.01115992
91.43,0.01141356
91.42,0.01242809
91.41,0.01268173
91.4,0.01293536
91.37,0.013189
91.36,0.01344263
91.34,0.01369627
91.33,0.0139499
91.32,0.01420354
91.31,0.01445717
91.29,0.01471081
91.28,0.01496444
91.27,0.01521808
91.24,0.01572534
91.22,0.01597898
91.2,0.01623261
91.19,0.01673988
91.17,0.01699352
91.16,0.01724715
91.15,0.01750079
91.14,0.01775442
91.13,0.01826169
91.12,0.01851532
91.11,0.01927623
91.07,0.0197835
91.03,0.02003713
91.02,0.0205444
91.01,0.02079804
91,0.02105167
90.98,0.02155894
90.97,0.02181257
90.96,0.02206621
90.93,0.02231984
90.92,0.02257348
90.91,0.02282711
90.9,0.02308075
90.88,0.02333438
90.87,0.02358802
90.85,0.02409529
90.84,0.02434892
90.83,0.02485619
90.82,0.02536346
90.81,0.02587073
90.8,0.026378
90.78,0.02688527
90.76,0.0271389
90.72,0.0278998
90.71,0.02840707
90.7,0.02866071
90.69,0.02891434
90.68,0.02916798
90.67,0.02942161
90.66,0.03043615
90.65,0.03119705
90.64,0.03170432
90.62,0.03195796
90.61,0.03221159
90.6,0.03246523
90.59,0.03271886
90.58,0.03322613
90.57,0.03347977
90.56,0.03424067
90.55,0.03525521
90.54,0.03626975
90.53,0.03652338
90.52,0.03677701
90.5,0.03779155
90.48,0.03829882
90.47,0.039567
90.46,0.03982063
90.45,0.04007426
90.44,0.0403279
90.43,0.0410888
90.42,0.04184971
90.41,0.04286424
90.4,0.04362515
90.39,0.04438605
90.38,0.04489332
90.37,0.04616149
90.36,0.0469224
90.35,0.0476833
90.34,0.04869784
90.33,0.04920511
90.32,0.05021965
90.31,0.05072692
90.3,0.05174146
90.29,0.05224872
90.28,0.05250236
90.27,0.05275599
90.26,0.05377053
90.25,0.05453144
90.24,0.05529234
90.23,0.05579961
90.22,0.05605324
90.21,0.05630688
90.2,0.05681415
90.18,0.05732142
90.17,0.05757505
90.15,0.05833595
90.14,0.05960413
90.13,0.0601114
90.12,0.06137957
90.11,0.06188684
90.1,0.06239411
90.09,0.06315501
90.08,0.06416955
90.07,0.06493045
90.06,0.06569136
90.05,0.06594499
90.04,0.06645226
90.03,0.06695953
90.02,0.0674668
90.01,0.06797407
90,0.06924224
89.99,0.07025678
89.98,0.07051041
89.97,0.07152495
89.96,0.07228586
89.95,0.07355403
89.94,0.07431493
89.93,0.07507584
89.92,0.07583674
89.91,0.07710491
89.9,0.07837309
89.89,0.08040216
89.88,0.08217761
89.87,0.08369941
89.86,0.08471395
89.85,0.08496759
89.84,0.08623576
89.83,0.08750393
89.82,0.08902574
89.81,0.08927937
89.8,0.08978664
89.79,0.09080118
89.78,0.09206935
89.77,0.09283026
89.76,0.09333753
89.75,0.0938448
89.74,0.09612751
89.73,0.09739568
89.72,0.09764931
89.71,0.09917112
89.7,0.09993203
89.69,0.1017075
89.68,0.102722
89.67,0.1034829
89.66,0.1039902
89.65,0.1050047
89.64,0.1067802
89.63,0.1085556
89.62,0.1095701
89.61,0.1108383
89.6,0.1123601
89.59,0.1136283
89.58,0.1154037
89.57,0.1171792
89.56,0.1179401
89.55,0.1192083
89.54,0.121491
89.53,0.1219982
89.52,0.12352
89.51,0.1245346
89.5,0.1250418
89.49,0.1255491
89.48,0.12631
89.47,0.1275782
89.46,0.1280855
89.45,0.1285927
89.44,0.1303682
89.43,0.1308754
89.42,0.1311291
89.41,0.1334118
89.4,0.1344263
89.39,0.1354409
89.38,0.1369627
89.37,0.1377236
89.36,0.1389918
89.35,0.1410208
89.34,0.1417817
89.33,0.1430499
89.32,0.1443181
89.31,0.1458399
89.3,0.1471081
89.29,0.1473617
89.28,0.1491371
89.27,0.1506589
89.26,0.1534489
89.25,0.1544635
89.24,0.1552244
89.23,0.1564925
89.22,0.1572534
89.21,0.1580143
89.2,0.1600434
89.19,0.1620725
89.18,0.1633407
89.17,0.1651161
89.16,0.1666379
89.15,0.1684134
89.14,0.1691743
89.13,0.1722179
89.12,0.174247
89.11,0.1757688
89.1,0.176276
89.09,0.1788124
89.08,0.1800806
89.07,0.1810951
89.06,0.1831242
89.05,0.1843923
89.04,0.1864214
89.03,0.1876896
89.02,0.1892114
89.01,0.1902259
89,0.1917477
88.99,0.1937768
88.98,0.1940305
88.97,0.195045
88.96,0.1970741
88.95,0.1983422
88.94,0.200625
88.93,0.2011322
88.92,0.2024004
88.91,0.2049367
88.9,0.2067122
88.89,0.2079804
88.88,0.2100094
88.87,0.2107703
88.86,0.213814
88.85,0.2160967
88.84,0.2181257
88.83,0.2204085
88.82,0.2224375
88.81,0.2237057
88.8,0.2244666
88.79,0.2254811
88.78,0.2280175
88.77,0.2303002
88.76,0.2328365
88.75,0.234612
88.74,0.2363874
88.73,0.239431
88.72,0.2404456
88.71,0.242221
88.7,0.2429819
88.69,0.2457719
88.68,0.2490692
88.67,0.2521128
88.66,0.2556637
88.65,0.2599754
88.64,0.2620045
88.63,0.2645409
88.62,0.2665699
88.61,0.2701208
88.6,0.2739254
88.59,0.2754472
88.58,0.2777299
88.57,0.2792517
88.56,0.2812808
88.55,0.2835635
88.54,0.2868607
88.53,0.2883825
88.52,0.292187
88.51,0.2947234
88.5,0.297767
88.49,0.2995424
88.48,0.3010643
88.47,0.3038542
88.46,0.3076587
88.45,0.3091806
88.44,0.3112096
88.43,0.3127314
88.42,0.3142532
88.41,0.3172969
88.4,0.3200868
88.39,0.3216087
88.38,0.3238914
88.37,0.3264277
88.36,0.3287104
88.35,0.3325149
88.34,0.3340367
88.33,0.3378413
88.32,0.3406312
88.31,0.3431676
88.3,0.3446894
88.29,0.3464648
88.28,0.3484939
88.27,0.3500157
88.26,0.3530593
88.25,0.3555957
88.24,0.3578784
88.23,0.3601611
88.22,0.3632047
88.21,0.3672629
88.2,0.371321
88.19,0.3746183
88.18,0.3761401
88.17,0.3814664
88.16,0.3832419
88.15,0.3855246
88.14,0.3885682
88.13,0.3911045
88.12,0.39567
88.11,0.3966845
88.1,0.4012499
88.09,0.4065762
88.08,0.4101271
88.07,0.413678
88.06,0.4179898
88.05,0.421287
88.04,0.4230625
88.03,0.4255988
88.02,0.4299106
88.01,0.4319397
88,0.4359978
87.99,0.4403096
87.98,0.4438605
87.97,0.4466505
87.96,0.4507087
87.95,0.4522305
87.94,0.4570495
87.93,0.460854
87.92,0.4638977
87.91,0.4659267
87.9,0.4684631
87.89,0.4712531
87.88,0.4742967
87.87,0.4801303
87.86,0.4829202
87.85,0.4874857
87.84,0.4925584
87.83,0.4963629
87.82,0.5001674
87.81,0.5024501
87.8,0.5054937
87.79,0.5075228
87.78,0.5110737
87.77,0.5161464
87.76,0.5184291
87.75,0.5224872
87.74,0.5260381
87.73,0.5306035
87.72,0.5354226
87.71,0.5384662
87.7,0.5440462
87.69,0.5486116
87.68,0.5519089
87.67,0.5564743
87.66,0.561547
87.65,0.5666197
87.64,0.5699169
87.63,0.5729605
87.62,0.5760041
87.61,0.5800623
87.6,0.5838668
87.59,0.5871641
87.58,0.5909686
87.57,0.5945195
87.56,0.6003531
87.55,0.6049185
87.54,0.6089766
87.53,0.6130348
87.52,0.6160784
87.51,0.6203902
87.5,0.6254629
87.49,0.6290138
87.48,0.6318037
87.47,0.6361155
87.46,0.6404273
87.45,0.6437246
87.44,0.6472755
87.43,0.65108
87.42,0.6576745
87.41,0.6617326
87.4,0.6688344
87.39,0.6726389
87.38,0.6766971
87.37,0.6799943
87.36,0.685067
87.35,0.6901397
87.34,0.6944515
87.33,0.6977487
87.32,0.7033287
87.31,0.7061187
87.3,0.7116986
87.29,0.717025
87.28,0.7203222
87.27,0.7238731
87.26,0.7286922
87.25,0.735033
87.24,0.7413739
87.23,0.7464466
87.22,0.7535483
87.21,0.7591283
87.2,0.7621719
87.19,0.766991
87.18,0.7728246
87.17,0.7781509
87.16,0.7837309
87.15,0.7921008
87.14,0.7956517
87.13,0.8030071
87.12,0.8098552
87.11,0.8128988
87.1,0.8189861
87.09,0.8240588
87.08,0.8291315
87.07,0.8354723
87.06,0.8407986
87.05,0.8448568
87.04,0.8511977
87.03,0.8555095
87.02,0.8610894
87.01,0.8643867
87,0.8717421
86.99,0.877322
86.98,0.8834093
86.97,0.8872138
86.96,0.8925401
86.95,0.8993882
86.94,0.9069973
86.93,0.9113091
86.92,0.9166354
86.91,0.9206935
86.9,0.9255126
86.89,0.9313462
86.88,0.9371798
86.87,0.9402234
86.86,0.9435207
86.85,0.9506224
86.84,0.9567096
86.83,0.9633041
86.82,0.9704059
86.81,0.9777613
86.8,0.9830876
86.79,0.9899358
86.78,0.9977985
86.77,1.001857
86.76,1.006929
86.75,1.017836
86.74,1.021386
86.73,1.026459
86.72,1.031278
86.71,1.034322
86.7,1.039395
86.69,1.045228
86.68,1.050301
86.67,1.058924
86.66,1.067041
86.65,1.072874
86.64,1.078201
86.63,1.087078
86.62,1.095701
86.61,1.10052
86.6,1.109398
86.59,1.118275
86.58,1.124616
86.57,1.128928
86.56,1.136537
86.55,1.143385
86.54,1.146428
86.53,1.155559
86.52,1.160632
86.51,1.166465
86.5,1.176104
86.49,1.18422
86.48,1.190053
86.47,1.197155
86.46,1.205525
86.45,1.213895
86.44,1.219982
86.43,1.223533
86.42,1.229874
86.41,1.237483
86.4,1.241034
86.39,1.250165
86.38,1.259549
86.37,1.267412
86.36,1.274767
86.35,1.284659
86.34,1.293029
86.33,1.299624
86.32,1.307233
86.31,1.315095
86.3,1.321943
86.29,1.330567
86.28,1.337162
86.27,1.342488
86.26,1.353648
86.25,1.360496
86.24,1.368612
86.23,1.375968
86.22,1.385859
86.21,1.39499
86.2,1.400317
86.19,1.408179
86.18,1.416296
86.17,1.422383
86.16,1.429992
86.15,1.435572
86.14,1.443181
86.13,1.451551
86.12,1.457892
86.11,1.468544
86.1,1.474885
86.09,1.483762
86.08,1.493654
86.07,1.499995
86.06,1.508365
86.05,1.516481
86.04,1.526373
86.03,1.536772
86.02,1.542606
86.01,1.552751
86,1.562389
85.99,1.570252
85.98,1.579383
85.97,1.585216
85.96,1.590542
85.95,1.597137
85.94,1.605
85.93,1.612609
85.92,1.619457
85.91,1.629856
85.9,1.637719
85.89,1.648118
85.88,1.65598
85.87,1.662321
85.86,1.669169
85.85,1.674496
85.84,1.682865
85.83,1.68946
85.82,1.702649
85.81,1.71457
85.8,1.723954
85.79,1.732324
85.78,1.740694
85.77,1.746274
85.76,1.755912
85.75,1.765043
85.74,1.774681
85.73,1.784066
85.72,1.788885
85.71,1.800806
85.7,1.810444
85.69,1.817799
85.68,1.82693
85.67,1.837329
85.66,1.848235
85.65,1.856605
85.64,1.863961
85.63,1.870809
85.62,1.880193
85.61,1.89186
85.6,1.903274
85.59,1.9086
85.58,1.92255
85.57,1.935739
85.56,1.943095
85.55,1.947914
85.54,1.960342
85.53,1.972009
85.52,1.983169
85.51,1.99509
85.5,2.00422
85.49,2.010815
85.48,2.021214
85.47,2.033135
85.46,2.043787
85.45,2.052665
85.44,2.060781
85.43,2.072448
85.42,2.08234
85.41,2.091978
85.4,2.102123
85.39,2.112269
85.38,2.117849
85.37,2.129009
85.36,2.139154
85.35,2.152343
85.34,2.163503
85.33,2.175931
85.32,2.183033
85.31,2.192164
85.3,2.202816
85.29,2.211186
85.28,2.220824
85.27,2.231731
85.26,2.245427
85.25,2.260138
85.24,2.270283
85.23,2.28195
85.22,2.290828
85.21,2.304017
85.2,2.31822
85.19,2.331663
85.18,2.345105
85.17,2.353729
85.16,2.362606
85.15,2.374273
85.14,2.390506
85.13,2.399637
85.12,2.406739
85.11,2.418659
85.1,2.427537
85.09,2.440726
85.08,2.450617
85.07,2.46127
85.06,2.46964
85.05,2.485365
85.04,2.497286
85.03,2.5087
85.02,2.51986
85.01,2.530512
85,2.546491
84.99,2.553086
84.98,2.563992
84.97,2.575913
84.96,2.586565
84.95,2.601023
84.94,2.614465
84.93,2.630952
84.92,2.644394
84.91,2.655808
84.9,2.668743
84.89,2.682693
84.88,2.694614
84.87,2.703237
84.86,2.717695
84.85,2.728094
84.84,2.739
84.83,2.75016
84.82,2.760052
84.81,2.776538
84.8,2.790234
84.79,2.802155
84.78,2.812047
84.77,2.82625
84.76,2.839439
84.75,2.852882
84.74,2.866071
84.73,2.874948
84.72,2.893717
84.71,2.908174
84.7,2.91629
84.69,2.931255
84.68,2.944698
84.67,2.959155
84.66,2.969554
84.65,2.98325
84.64,2.996185
84.63,3.007345
84.62,3.023071
84.61,3.040825
84.6,3.047673
84.59,3.057565
84.58,3.071768
84.57,3.08445
84.56,3.097386
84.55,3.109053
84.54,3.121734
84.53,3.138221
84.52,3.155214
84.51,3.176012
84.5,3.188187
84.49,3.196049
84.48,3.20518
84.47,3.21913
84.46,3.232065
84.45,3.242972
84.44,3.2554
84.43,3.267321
84.42,3.280002
84.41,3.292684
84.4,3.308917
84.39,3.322106
84.38,3.342143
84.37,3.353556
84.36,3.363955
84.35,3.376891
84.34,3.388558
84.33,3.401747
84.32,3.425335
84.31,3.437763
84.3,3.453235
84.29,3.467185
84.28,3.480627
84.27,3.492295
84.26,3.507513
84.25,3.52197
84.24,3.534398
84.23,3.545558
84.22,3.557225
84.21,3.571936
84.2,3.585886
84.19,3.595017
84.18,3.613532
84.17,3.624185
84.16,3.642193
84.15,3.655635
84.14,3.672882
84.13,3.689622
84.12,3.704333
84.11,3.722341
84.1,3.743139
84.09,3.754299
84.08,3.765205
84.07,3.778902
84.06,3.797163
84.05,3.808831
84.04,3.825063
84.03,3.840535
84.02,3.862347
84.01,3.882892
84,3.893798
83.99,3.911806
83.98,3.923727
83.97,3.93717
83.96,3.950866
83.95,3.967099
83.94,3.98257
83.93,3.996266
83.92,4.013514
83.91,4.035073
83.9,4.054095
83.89,4.0754
83.88,4.094677
83.87,4.103554
83.86,4.119279
83.85,4.132722
83.84,4.152759
83.83,4.168992
83.82,4.187253
83.81,4.205769
83.8,4.228342
83.79,4.245589
83.78,4.2603
83.77,4.275518
83.76,4.295302
83.75,4.317114
83.74,4.333093
83.73,4.356174
83.72,4.375704
83.71,4.390161
83.7,4.409945
83.69,4.423134
83.68,4.438859
83.67,4.457881
83.66,4.474875
83.65,4.49897
83.64,4.517739
83.63,4.533211
83.62,4.552994
83.61,4.573285
83.6,4.580133
83.59,4.59459
83.58,4.609048
83.57,4.630099
83.56,4.647093
83.55,4.670681
83.54,4.691225
83.53,4.707965
83.52,4.730539
83.51,4.748547
83.5,4.774164
83.49,4.791918
83.48,4.810434
83.47,4.830978
83.46,4.848732
83.45,4.86116
83.44,4.881198
83.43,4.901235
83.42,4.929134
83.41,4.94486
83.4,4.966672
83.39,4.987978
83.38,4.99863
83.37,5.016892
83.36,5.041495
83.35,5.064068
83.34,5.086134
83.33,5.105157
83.32,5.125194
83.31,5.139144
83.3,5.165776
83.29,5.18074
83.28,5.194436
83.27,5.21143
83.26,5.227916
83.25,5.249729
83.24,5.272048
83.23,5.297919
83.22,5.31542
83.21,5.339262
83.2,5.356762
83.19,5.381619
83.18,5.398105
83.17,5.417127
83.16,5.441223
83.15,5.456441
83.14,5.474195
83.13,5.494486
83.12,5.509197
83.11,5.527205
83.1,5.547749
83.09,5.572605
83.08,5.593403
83.07,5.620289
83.06,5.642862
83.05,5.664675
83.04,5.688516
83.03,5.712865
83.02,5.725293
83.01,5.744823
83,5.770948
82.99,5.792253
82.98,5.811529
82.97,5.838414
82.96,5.860988
82.95,5.89041
82.94,5.906389
82.93,5.927187
82.92,5.954579
82.91,5.977153
82.9,5.996429
82.89,6.014183
82.88,6.03701
82.87,6.055526
82.86,6.077846
82.85,6.101434
82.84,6.121217
82.83,6.140493
82.82,6.160784
82.81,6.181836
82.8,6.204156
82.79,6.227997
82.78,6.25539
82.77,6.276949
82.76,6.304848
82.75,6.324378
82.74,6.340611
82.73,6.359126
82.72,6.3817
82.71,6.399961
82.7,6.423803
82.69,6.443587
82.68,6.459058
82.67,6.493045
82.66,6.515619
82.65,6.5387
82.64,6.558229
82.63,6.582325
82.62,6.615297
82.61,6.640407
82.6,6.664249
82.59,6.67972
82.58,6.703055
82.57,6.724106
82.56,6.736281
82.55,6.760883
82.54,6.785993
82.53,6.816176
82.52,6.83951
82.51,6.85904
82.5,6.889983
82.49,6.925746
82.48,6.946544
82.47,6.972161
82.46,6.9993
82.45,7.026439
82.44,7.04673
82.43,7.076405
82.42,7.099486
82.41,7.118001
82.4,7.141335
82.39,7.167967
82.38,7.190287
82.37,7.214636
82.36,7.241775
82.35,7.27145
82.34,7.294531
82.33,7.312792
82.32,7.341453
82.31,7.369353
82.3,7.403086
82.29,7.424138
82.28,7.451784
82.27,7.472582
82.26,7.501496
82.25,7.522294
82.24,7.545882
82.23,7.577587
82.22,7.604726
82.21,7.634908
82.2,7.661794
82.19,7.682592
82.18,7.701868
82.17,7.733318
82.16,7.768574
82.15,7.794698
82.14,7.818793
82.13,7.846186
82.12,7.877637
82.11,7.906297
82.1,7.930139
82.09,7.95043
82.08,7.991265
82.07,8.021955
82.06,8.045289
82.05,8.072935
82.04,8.103118
82.03,8.128735
82.02,8.148265
82.01,8.172106
82,8.198992
81.99,8.226891
81.98,8.255045
81.97,8.281676
81.96,8.307294
81.95,8.335954
81.94,8.372985
81.93,8.39429
81.92,8.423965
81.91,8.451612
81.9,8.469112
81.89,8.498534
81.88,8.516035
81.87,8.547993
81.86,8.577922
81.85,8.610894
81.84,8.643613
81.83,8.667962
81.82,8.694594
81.81,8.717928
81.8,8.751661
81.79,8.780322
81.78,8.797823
81.77,8.824454
81.76,8.848803
81.75,8.877718
81.74,8.909168
81.73,8.94696
81.72,8.974099
81.71,8.99718
81.7,9.025333
81.69,9.044609
81.68,9.081386
81.67,9.122221
81.66,9.149868
81.65,9.172187
81.64,9.198058
81.63,9.229762
81.62,9.258423
81.61,9.287845
81.6,9.313716
81.59,9.345166
81.58,9.373827
81.57,9.404263
81.56,9.430134
81.55,9.451439
81.54,9.484665
81.53,9.513326
81.52,9.539958
81.51,9.568618
81.5,9.59525
81.49,9.624925
81.48,9.652064
81.47,9.676667
81.46,9.703045
81.45,9.734749
81.44,9.758844
81.43,9.798158
81.42,9.837978
81.41,9.867653
81.4,9.906713
81.39,9.935628
81.38,9.962766
81.37,9.992695
81.36,10.0173
81.35,10.04469
81.34,10.07005
81.33,10.09973
81.32,10.12459
81.31,10.15046
81.3,10.18216
81.29,10.21158
81.28,10.23517
81.27,10.27575
81.26,10.30593
81.25,10.3318
81.24,10.37137
81.23,10.40105
81.22,10.43021
81.21,10.46623
81.2,10.49565
81.19,10.52305
81.18,10.54663
81.17,10.57884
81.16,10.60218
81.15,10.64859
81.14,10.68157
81.13,10.71784
81.12,10.73889
81.11,10.77288
81.1,10.80382
81.09,10.83857
81.08,10.87712
81.07,10.90071
81.06,10.93292
81.05,10.96589
81.04,10.99886
81.03,11.01713
81.02,11.04959
81.01,11.08738
81,11.12593
80.99,11.16094
80.98,11.18884
80.97,11.22409
80.96,11.25275
80.95,11.28598
80.94,11.30931
80.93,11.35091
80.92,11.38236
80.91,11.41609
80.9,11.45287
80.89,11.48711
80.88,11.52059
80.87,11.55559
80.86,11.58501
80.85,11.62889
80.84,11.65197
80.83,11.67531
80.82,11.70194
80.81,11.74074
80.8,11.76687
80.79,11.79832
80.78,11.84118
80.77,11.87695
80.76,11.91144
80.75,11.95329
80.74,11.98373
80.73,12.02507
80.72,12.05551
80.71,12.08696
80.7,12.1212
80.69,12.15569
80.68,12.18816
80.67,12.2224
80.66,12.26222
80.65,12.2886
80.64,12.32715
80.63,12.369
80.62,12.40755
80.61,12.43697
80.6,12.46665
80.59,12.49962
80.58,12.53132
80.57,12.58078
80.56,12.62111
80.55,12.65383
80.54,12.68934
80.53,12.71521
80.52,12.75148
80.51,12.7842
80.5,12.81996
80.49,12.88109
80.48,12.9138
80.47,12.9516
80.46,12.97417
80.45,13.02287
80.44,13.05254
80.43,13.08298
80.42,13.12229
80.41,13.16211
80.4,13.19788
80.39,13.24784
80.38,13.28081
80.37,13.31784
80.36,13.35132
80.35,13.38125
80.34,13.42082
80.33,13.44821
80.32,13.47738
80.31,13.51619
80.3,13.55347
80.29,13.59608
80.28,13.62804
80.27,13.67496
80.26,13.71199
80.25,13.73837
80.24,13.77743
80.23,13.82664
80.22,13.86265
80.21,13.88497
80.2,13.92885
80.19,13.95472
80.18,13.99632
80.17,14.02777
80.16,14.06581
80.15,14.10005
80.14,14.15053
80.13,14.18426
80.12,14.22332
80.11,14.26948
80.1,14.30372
80.09,14.33517
80.08,14.38311
80.07,14.42242
80.06,14.46757
80.05,14.51322
80.04,14.53453
80.03,14.5637
80.02,14.60174
80.01,14.64537
80,14.68113
79.99,14.72755
79.98,14.76889
79.97,14.7973
79.96,14.83889
79.95,14.87998
79.94,14.90915
79.93,14.94821
79.92,14.98955
79.91,15.02836
79.9,15.07147
79.89,15.10724
79.88,15.15264
79.87,15.20235
79.86,15.23735
79.85,15.26855
79.84,15.31522
79.83,15.35377
79.82,15.40044
79.81,15.42885
79.8,15.46562
79.79,15.50544
79.78,15.54628
79.77,15.59193
79.76,15.63962
79.75,15.68984
79.74,15.72991
79.73,15.77353
79.72,15.80093
79.71,15.84278
79.7,15.8755
79.69,15.90898
79.68,15.94804
79.67,16.00257
79.66,16.05
79.65,16.0888
79.64,16.12735
79.63,16.17529
79.62,16.2179
79.61,16.2595
79.6,16.29628
79.59,16.34497
79.58,16.38226
79.57,16.43451
79.56,16.48701
79.55,16.51618
79.54,16.5631
79.53,16.60216
79.52,16.63412
79.51,16.67292
79.5,16.72416
79.49,16.77336
79.48,16.80304
79.47,16.83829
79.46,16.89638
79.45,16.9329
79.44,16.97881
79.43,17.01026
79.42,17.06961
79.41,17.10258
79.4,17.13834
79.39,17.17563
79.38,17.2223
79.37,17.2715
79.36,17.3169
79.35,17.35063
79.34,17.38361
79.33,17.4247
79.32,17.45995
79.31,17.50256
79.3,17.54669
79.29,17.59844
79.28,17.65145
79.27,17.69989
79.26,17.7458
79.25,17.77776
79.24,17.82645
79.23,17.86424
79.22,17.90153
79.21,17.94591
79.2,17.97508
79.19,18.02201
79.18,18.06614
79.17,18.10241
79.16,18.13792
79.15,18.18585
79.14,18.23201
79.13,18.28452
79.12,18.32535
79.11,18.36061
79.1,18.41057
79.09,18.44583
79.08,18.50822
79.07,18.54957
79.06,18.58102
79.05,18.61348
79.04,18.66903
79.03,18.71494
79.02,18.77276
79.01,18.82755
79,18.8727
78.99,18.91201
78.98,18.94447
78.97,18.9985
78.96,19.05176
78.95,19.09006
78.94,19.13394
78.93,19.18213
78.92,19.22373
78.91,19.27065
78.9,19.3125
78.89,19.36348
78.88,19.40584
78.87,19.43805
78.86,19.48649
78.85,19.5291
78.84,19.5641
78.83,19.61762
78.82,19.66226
78.81,19.72415
78.8,19.77487
78.79,19.81825
78.78,19.8677
78.77,19.90803
78.76,19.95521
78.75,20.00822
78.74,20.03688
78.73,20.07416
78.72,20.12388
78.71,20.17105
78.7,20.21594
78.69,20.25856
78.68,20.31435
78.67,20.36813
78.66,20.40769
78.65,20.46222
78.64,20.4957
78.63,20.5411
78.62,20.58625
78.61,20.63977
78.6,20.68694
78.59,20.72778
78.58,20.7643
78.57,20.80691
78.56,20.85257
78.55,20.9
78.54,20.94311
78.53,20.99486
78.52,21.03087
78.51,21.09149
78.5,21.11483
78.49,21.18255
78.48,21.21121
78.47,21.24798
78.46,21.28806
78.45,21.32052
78.44,21.36821
78.43,21.4339
78.42,21.49756
78.41,21.54119
78.4,21.59698
78.39,21.64923
78.38,21.68195
78.37,21.71366
78.36,21.76844
78.35,21.81055
78.34,21.8425
78.33,21.90312
78.32,21.95968
78.31,21.99215
78.3,22.04871
78.29,22.08549
78.28,22.12708
78.27,22.16665
78.26,22.21509
78.25,22.25796
78.24,22.30463
78.23,22.36423
78.22,22.40354
78.21,22.46619
78.2,22.50855
78.19,22.5575
78.18,22.61609
78.17,22.65743
78.16,22.70689
78.15,22.77233
78.14,22.80352
78.13,22.85273
78.12,22.88824
78.11,22.94962
78.1,22.99121
78.09,23.04093
78.08,23.0914
78.07,23.16267
78.06,23.20909
78.05,23.27579
78.04,23.31308
78.03,23.35214
78.02,23.39957
78.01,23.43863
78,23.48301
77.99,23.52765
77.98,23.58091
77.97,23.62936
77.96,23.68161
77.95,23.74147
77.94,23.78737
77.93,23.81756
77.92,23.88173
77.91,23.93372
77.9,23.97836
77.89,24.04709
77.88,24.07601
77.87,24.14804
77.86,24.19649
77.85,24.24873
77.84,24.31011
77.83,24.36109
77.82,24.41309
77.81,24.46661
77.8,24.51759
77.79,24.56831
77.78,24.62893
77.77,24.68549
77.76,24.72684
77.75,24.7735
77.74,24.82804
77.73,24.88713
77.72,24.93482
77.71,24.97793
77.7,25.01674
77.69,25.05352
77.68,25.11033
77.67,25.16715
77.66,25.2128
77.65,25.25972
77.64,25.32465
77.63,25.38755
77.62,25.44741
77.61,25.50524
77.6,25.55216
77.59,25.59959
77.58,25.62673
77.57,25.6942
77.56,25.74137
77.55,25.77612
77.54,25.82025
77.53,25.86515
77.52,25.91638
77.51,25.99425
77.5,26.05309
77.49,26.09114
77.48,26.15353
77.47,26.19386
77.46,26.24763
77.45,26.27984
77.44,26.33716
77.43,26.39474
77.42,26.45916
77.41,26.51648
77.4,26.56163
77.39,26.61438
77.38,26.6608
77.37,26.70671
77.36,26.76048
77.35,26.80537
77.34,26.85128
77.33,26.90277
77.32,26.96643
77.31,27.02857
77.3,27.07575
77.29,27.11557
77.28,27.16705
77.27,27.22945
77.26,27.27688
77.25,27.33623
77.24,27.36971
77.23,27.45797
77.22,27.50642
77.21,27.56881
77.2,27.60914
77.19,27.67128
77.18,27.72048
77.17,27.7669
77.16,27.8298
77.15,27.87825
77.14,27.91553
77.13,27.98477
77.12,28.02713
77.11,28.07456
77.1,28.11971
77.09,28.16358
77.08,28.20873
77.07,28.26402
77.06,28.35609
77.05,28.43472
77.04,28.49813
77.03,28.54378
77.02,28.58259
77.01,28.629
77,28.66882
76.99,28.72336
76.98,28.76977
76.97,28.82735
76.96,28.88391
76.95,28.93007
76.94,28.99525
76.93,29.03862
76.92,29.10051
76.91,29.15098
76.9,29.21287
76.89,29.25142
76.88,29.30063
76.87,29.36353
76.86,29.40234
76.85,29.46194
76.84,29.51013
76.83,29.58394
76.82,29.65343
76.81,29.69376
76.8,29.72268
76.79,29.79547
76.78,29.84467
76.77,29.88881
76.76,29.97175
76.75,30.02754
76.74,30.07168
76.73,30.12012
76.72,30.17313
76.71,30.22158
76.7,30.28397
76.69,30.33774
76.68,30.38136
76.67,30.43133
76.66,30.50184
76.65,30.53913
76.64,30.6109
76.63,30.66062
76.62,30.76106
76.61,30.81863
76.6,30.85084
76.59,30.89599
76.58,30.94393
76.57,31.0048
76.56,31.04563
76.55,31.08064
76.54,31.14404
76.53,31.19807
76.52,31.24753
76.51,31.30434
76.5,31.37536
76.49,31.4413
76.48,31.49533
76.47,31.56026
76.46,31.58613
76.45,31.63914
76.44,31.69418
76.43,31.74846
76.42,31.80654
76.41,31.86792
76.4,31.92143
76.39,31.97292
76.38,32.01782
76.37,32.06398
76.36,32.1109
76.35,32.17938
76.34,32.25522
76.33,32.29631
76.32,32.34805
76.31,32.39827
76.3,32.44367
76.29,32.51545
76.28,32.57657
76.27,32.64987
76.26,32.70085
76.25,32.75767
76.24,32.80002
76.23,32.8784
76.22,32.91112
76.21,32.95931
76.2,33.02297
76.19,33.08562
76.18,33.15232
76.17,33.21142
76.16,33.24236
76.15,33.29892
76.14,33.34407
76.13,33.39911
76.12,33.44781
76.11,33.5064
76.1,33.58071
76.09,33.63093
76.08,33.67912
76.07,33.7471
76.06,33.81558
76.05,33.85641
76.04,33.90207
76.03,33.93479
76.02,34.00073
76.01,34.04461
76,34.11258
75.99,34.17371
75.98,34.22697
75.97,34.28429
75.96,34.33248
75.95,34.40401
75.94,34.46995
75.93,34.53007
75.92,34.59855
75.91,34.65156
75.9,34.6967
75.89,34.74921
75.88,34.79993
75.87,34.8466
75.86,34.91559
75.85,34.99016
75.84,35.04849
75.83,35.09364
75.82,35.13321
75.81,35.18952
75.8,35.26485
75.79,35.31557
75.78,35.38279
75.77,35.44264
75.76,35.50428
75.75,35.56008
75.74,35.63464
75.73,35.69602
75.72,35.74802
75.71,35.80357
75.7,35.84973
75.69,35.8931
75.68,35.93419
75.67,36.00318
75.66,36.06608
75.65,36.14115
75.64,36.19518
75.63,36.25884
75.62,36.2908
75.61,36.33747
75.6,36.37906
75.59,36.43537
75.58,36.48787
75.57,36.53834
75.56,36.63523
75.55,36.67911
75.54,36.73542
75.53,36.81531
75.52,36.86705
75.51,36.93604
75.5,36.98474
75.49,37.03445
75.48,37.08721
75.47,37.16431
75.46,37.21048
75.45,37.26171
75.44,37.30178
75.43,37.37052
75.42,37.42962
75.41,37.49632
75.4,37.55238
75.39,37.60894
75.38,37.66296
75.37,37.73601
75.36,37.77862
75.35,37.84127
75.34,37.89985
75.33,37.95134
75.32,38.01247
75.31,38.05711
75.3,38.10682
75.29,38.14867
75.28,38.21817
75.27,38.26255
75.26,38.32317
75.25,38.38912
75.24,38.46825
75.23,38.52862
75.22,38.61333
75.21,38.66304
75.2,38.71986
75.19,38.78149
75.18,38.83881
75.17,38.89816
75.16,38.94508
75.15,39.00798
75.14,39.0511
75.13,39.11806
75.12,39.17234
75.11,39.24031
75.1,39.29485
75.09,39.35115
75.08,39.39376
75.07,39.45337
75.06,39.5117
75.05,39.56471
75.04,39.60935
75.03,39.65374
75.02,39.7316
75.01,39.79527
75,39.8607
74.99,39.93553
74.98,39.98955
74.97,40.04357
74.96,40.08568
74.95,40.12905
74.94,40.17902
74.93,40.22822
74.92,40.29924
74.91,40.35377
74.9,40.40906
74.89,40.46258
74.88,40.5237
74.87,40.56606
74.86,40.62338
74.85,40.67208
74.84,40.75756
74.83,40.82604
74.82,40.88209
74.81,40.93967
74.8,41.01246
74.79,41.04442
74.78,41.09717
74.77,41.16591
74.76,41.20928
74.75,41.25848
74.74,41.32265
74.73,41.40229
74.72,41.46393
74.71,41.51516
74.7,41.58339
74.69,41.65111
74.68,41.6889
74.67,41.7414
74.66,41.80101
74.65,41.85478
74.64,41.90043
74.63,41.94583
74.62,42.0062
74.61,42.05997
74.6,42.13378
74.59,42.19719
74.58,42.26085
74.57,42.30092
74.56,42.34328
74.55,42.38335
74.54,42.46299
74.53,42.51448
74.52,42.57383
74.51,42.61797
74.5,42.67047
74.49,42.79145
74.48,42.84827
74.47,42.90001
74.46,42.95733
74.45,43.01313
74.44,43.06233
74.43,43.1156
74.42,43.15516
74.41,43.20969
74.4,43.27767
74.39,43.34032
74.38,43.39383
74.37,43.43695
74.36,43.4925
74.35,43.55616
74.34,43.60638
74.33,43.66522
74.32,43.7441
74.31,43.82146
74.3,43.8765
74.29,43.93027
74.28,43.99292
74.27,44.05176
74.26,44.09209
74.25,44.16159
74.24,44.22297
74.23,44.26558
74.22,44.31656
74.21,44.37819
74.2,44.42663
74.19,44.48928
74.18,44.56867
74.17,44.6194
74.16,44.67773
74.15,44.74596
74.14,44.78933
74.13,44.85325
74.12,44.88597
74.11,44.93466
74.1,44.99579
74.09,45.0526
74.08,45.11246
74.07,45.18525
74.06,45.23218
74.05,45.29482
74.04,45.34986
74.03,45.39222
74.02,45.45918
74.01,45.52665
74,45.59589
73.99,45.66716
73.98,45.73311
73.97,45.79043
73.96,45.85079
73.95,45.89569
73.94,45.94007
73.93,46.00272
73.92,46.07526
73.91,46.11001
73.9,46.14323
73.89,46.22008
73.88,46.28349
73.87,46.34842
73.86,46.3885
73.85,46.42857
73.84,46.49426
73.83,46.54448
73.82,46.59496
73.81,46.65913
73.8,46.72887
73.79,46.81815
73.78,46.88613
73.77,46.94649
73.76,47.00077
73.75,47.05277
73.74,47.08244
73.73,47.14763
73.72,47.19759
73.71,47.23741
73.7,47.29676
73.69,47.35358
73.68,47.42079
73.67,47.49637
73.66,47.54735
73.65,47.59884
73.64,47.65185
73.63,47.71475
73.62,47.77639
73.61,47.83421
73.6,47.88976
73.59,47.94125
73.58,48.0044
73.57,48.05589
73.56,48.09165
73.55,48.16419
73.54,48.21593
73.53,48.27047
73.52,48.31079
73.51,48.39779
73.5,48.44801
73.49,48.49468
73.48,48.55428
73.47,48.6149
73.46,48.67197
73.45,48.74248
73.44,48.79092
73.43,48.82948
73.42,48.89568
73.41,48.95198
73.4,48.99535
73.39,49.05597
73.38,49.12369
73.37,49.17188
73.36,49.22591
73.35,49.28145
73.34,49.34004
73.33,49.39381
73.32,49.44961
73.31,49.49577
73.3,49.55715
73.29,49.63375
73.28,49.80217
73.27,49.82296
73.26,49.86532
73.25,49.90235
73.24,49.948
73.23,49.99746
73.22,50.05073
73.21,50.09765
73.2,50.14736
73.19,50.20341
73.18,50.26911
73.17,50.30588
73.16,50.37284
73.15,50.44969
73.14,50.49433
73.13,50.55926
73.12,50.62242
73.11,50.69648
73.1,50.73453
73.09,50.78297
73.08,50.84207
73.07,50.91765
73.06,50.9633
73.05,51.02164
73.04,51.09646
73.03,51.1302
73.02,51.19081
73.01,51.23444
73,51.30165
72.99,51.3506
72.98,51.41934
72.97,51.46347
72.96,51.52815
72.95,51.57304
72.94,51.63924
72.93,51.6821
72.92,51.74627
72.91,51.79776
72.9,51.87385
72.89,51.92559
72.88,51.98393
72.87,52.02426
72.86,52.06281
72.85,52.13028
72.84,52.19952
72.83,52.2472
72.82,52.28601
72.81,52.38442
72.8,52.42475
72.79,52.48714
72.78,52.55334
72.77,52.62994
72.76,52.66468
72.75,52.70932
72.74,52.74331
72.73,52.81281
72.72,52.85694
72.71,52.90133
72.7,53.00506
72.69,53.0497
72.68,53.08623
72.67,53.12605
72.66,53.18362
72.65,53.25743
72.64,53.29471
72.63,53.35457
72.62,53.41468
72.61,53.47023
72.6,53.52654
72.59,53.59324
72.58,53.66147
72.57,53.74415
72.56,53.76723
72.55,53.8205
72.54,53.88264
72.53,53.92221
72.52,53.97648
72.51,54.02264
72.5,54.08301
72.49,54.14591
72.48,54.19157
72.47,54.23544
72.46,54.27729
72.45,54.34882
72.44,54.39701
72.43,54.46143
72.42,54.52509
72.41,54.57126
72.4,54.63948
72.39,54.6722
72.38,54.73054
72.37,54.78127
72.36,54.81627
72.35,54.88094
72.34,54.95247
72.33,54.99863
72.32,55.02754
72.31,55.10161
72.3,55.16045
72.29,55.22284
72.28,55.29285
72.27,55.34002
72.26,55.39252
72.25,55.44401
72.24,55.48231
72.23,55.54242
72.22,55.58605
72.21,55.63627
72.2,55.70475
72.19,55.75269
72.18,55.79175
72.17,55.84197
72.16,55.90969
72.15,55.98121
72.14,56.02357
72.13,56.08748
72.12,56.1476
72.11,56.2214
72.1,56.27137
72.09,56.31474
72.08,56.35202
72.07,56.39286
72.06,56.44917
72.05,56.4971
72.04,56.54529
72.03,56.5978
72.02,56.67592
72.01,56.73958
72,56.7936
71.99,56.82632
71.98,56.87274
71.97,56.91484
71.96,56.98383
71.95,57.03811
71.94,57.10988
71.93,57.16239
71.92,57.20855
71.91,57.29453
71.9,57.34576
71.89,57.40689
71.88,57.46472
71.87,57.50505
71.86,57.54538
71.85,57.59559
71.84,57.65621
71.83,57.69502
71.82,57.75817
71.81,57.81575
71.8,57.8751
71.79,57.93623
71.78,57.98924
71.77,58.03032
71.76,58.07674
71.75,58.12518
71.74,58.19088
71.73,58.23805
71.72,58.29639
71.71,58.33976
71.7,58.39556
71.69,58.43665
71.68,58.48256
71.67,58.54672
71.66,58.61191
71.65,58.65959
71.64,58.7088
71.63,58.78742
71.62,58.85058
71.61,58.88786
71.6,58.92794
71.59,58.9774
71.58,59.02406
71.57,59.07276
71.56,59.12679
71.55,59.18284
71.54,59.25259
71.53,59.30966
71.52,59.34796
71.51,59.39665
71.5,59.45347
71.49,59.50546
71.48,59.56126
71.47,59.59829
71.46,59.67971
71.45,59.72207
71.44,59.79156
71.43,59.84838
71.42,59.91534
71.41,59.94577
71.4,59.98306
71.39,60.00867
71.38,60.07107
71.37,60.11292
71.36,60.17582
71.35,60.22883
71.34,60.29376
71.33,60.34804
71.32,60.40358
71.31,60.44924
71.3,60.52
71.29,60.55069
71.28,60.61156
71.27,60.66178
71.26,60.70718
71.25,60.77338
71.24,60.79875
71.23,60.85556
71.22,60.91973
71.21,60.97147
71.2,61.01332
71.19,61.08104
71.18,61.12467
71.17,61.183
71.16,61.23906
71.15,61.29333
71.14,61.33823
71.13,61.38515
71.12,61.4308
71.11,61.46783
71.1,61.51121
71.09,61.5495
71.08,61.61114
71.07,61.67911
71.06,61.74151
71.05,61.79299
71.04,61.82165
71.03,61.8564
71.02,61.91727
71.01,61.9746
71,62.01467
70.99,62.0829
70.98,62.15062
70.97,62.21276
70.96,62.24345
70.95,62.28809
70.94,62.33856
70.93,62.38396
70.92,62.41922
70.91,62.4636
70.9,62.51763
70.89,62.56506
70.88,62.64926
70.87,62.68883
70.86,62.71825
70.85,62.76162
70.84,62.80728
70.83,62.8613
70.82,62.92953
70.81,62.98939
70.8,63.02312
70.79,63.0807
70.78,63.14106
70.77,63.18951
70.76,63.22704
70.75,63.26407
70.74,63.32241
70.73,63.35843
70.72,63.39546
70.71,63.4581
70.7,63.50122
70.69,63.56615
70.68,63.61942
70.67,63.6671
70.66,63.72417
70.65,63.7508
70.64,63.80558
70.63,63.82841
70.62,63.8695
70.61,63.93798
70.6,63.99327
70.59,64.05313
70.58,64.10995
70.57,64.1556
70.56,64.18705
70.55,64.26441
70.54,64.32655
70.53,64.36992
70.52,64.42471
70.51,64.47467
70.5,64.52667
70.49,64.57765
70.48,64.62153
70.47,64.66287
70.46,64.72602
70.45,64.76584
70.44,64.80389
70.43,64.829
70.42,64.88936
70.41,64.93832
70.4,65.00908
70.39,65.02455
70.38,65.06792
70.37,65.1293
70.36,65.17039
70.35,65.21148
70.34,65.3033
70.33,65.35174
70.32,65.41616
70.31,65.4641
70.3,65.49631
70.29,65.53816
70.28,65.56911
70.27,65.62085
70.26,65.67436
70.25,65.73143
70.24,65.78241
70.23,65.84075
70.22,65.91379
70.21,65.94398
70.2,65.97974
70.19,66.02971
70.18,66.0642
70.17,66.11467
70.16,66.14536
70.15,66.18721
70.14,66.22932
70.13,66.27751
70.12,66.32291
70.11,66.37998
70.1,66.43146
70.09,66.46114
70.08,66.5106
70.07,66.55118
70.06,66.59404
70.05,66.64071
70.04,66.6889
70.03,66.74064
70.02,66.76981
70.01,66.82434
70,66.85909
69.99,66.91337
69.98,66.96562
69.97,67.00924
69.96,67.0554
69.95,67.10283
69.94,67.14291
69.93,67.19921
69.92,67.23726
69.91,67.29281
69.9,67.34556
69.89,67.41125
69.88,67.47568
69.87,67.53452
69.86,67.5893
69.85,67.62304
69.84,67.67174
69.83,67.70674
69.82,67.73768
69.81,67.76837
69.8,67.8158
69.79,67.85106
69.78,67.90356
69.77,67.94287
69.76,67.98472
69.75,68.02809
69.74,68.08415
69.73,68.11965
69.72,68.18966
69.71,68.21959
69.7,68.25611
69.69,68.30253
69.68,68.34742
69.67,68.40373
69.66,68.4405
69.65,68.50416
69.64,68.54804
69.63,68.57797
69.62,68.60892
69.61,68.66522
69.6,68.7195
69.59,68.76236
69.58,68.81233
69.57,68.87498
69.56,68.91353
69.55,68.93991
69.54,68.98277
69.53,69.01372
69.52,69.07738
69.51,69.12151
69.5,69.16564
69.49,69.2047
69.48,69.24249
69.47,69.28916
69.46,69.33964
69.45,69.40355
69.44,69.43678
69.43,69.49385
69.42,69.54026
69.41,69.58871
69.4,69.63816
69.39,69.66657
69.38,69.71882
69.37,69.73835
69.36,69.77842
69.35,69.82712
69.34,69.85883
69.33,69.92807
69.32,69.97499
69.31,70.00822
69.3,70.04119
69.29,70.09877
69.28,70.14112
69.27,70.18094
69.26,70.2479
69.25,70.28772
69.24,70.34302
69.23,70.38639
69.22,70.41809
69.21,70.464
69.2,70.49748
69.19,70.54212
69.18,70.57078
69.17,70.60806
69.16,70.63571
69.15,70.67299
69.14,70.72118
69.13,70.76811
69.12,70.79981
69.11,70.83583
69.1,70.87616
69.09,70.93449
69.08,70.96467
69.07,71.01439
69.06,71.05649
69.05,71.10316
69.04,71.14907
69.03,71.18457
69.02,71.24798
69.01,71.27664
69,71.32281
68.99,71.36719
68.98,71.39053
68.97,71.44607
68.96,71.4897
68.95,71.54981
68.94,71.60586
68.93,71.64898
68.92,71.68449
68.91,71.70427
68.9,71.74409
68.89,71.78036
68.88,71.80902
68.87,71.8699
68.86,71.91022
68.85,71.95055
68.84,71.99519
68.83,72.04871
68.82,72.08599
68.81,72.1423
68.8,72.19708
68.79,72.23944
68.78,72.27064
68.77,72.29651
68.76,72.32162
68.75,72.3589
68.74,72.40177
68.73,72.43804
68.72,72.47025
68.71,72.51083
68.7,72.56257
68.69,72.60366
68.68,72.64805
68.67,72.66859
68.66,72.70867
68.65,72.74823
68.64,72.80302
68.63,72.8611
68.62,72.90168
68.61,72.93973
68.6,72.98919
68.59,73.04676
68.58,73.0706
68.57,73.10104
68.56,73.13401
68.55,73.15633
68.54,73.21314
68.53,73.24739
68.52,73.27427
68.51,73.32246
68.5,73.37522
68.49,73.42036
68.48,73.44852
68.47,73.47084
68.46,73.50888
68.45,73.56088
68.44,73.604
68.43,73.64737
68.42,73.67451
68.41,73.72092
68.4,73.7511
68.39,73.77773
68.38,73.8414
68.37,73.89035
68.36,73.92713
68.35,73.96542
68.34,74.0159
68.33,74.06865
68.32,74.09326
68.31,74.12598
68.3,74.17569
68.29,74.22033
68.28,74.23681
68.27,74.27055
68.26,74.31011
68.25,74.35805
68.24,74.39153
68.23,74.42653
68.22,74.46432
68.21,74.50795
68.2,74.54118
68.19,74.58632
68.18,74.61853
68.17,74.66977
68.16,74.6997
68.15,74.7451
68.14,74.77985
68.13,74.80927
68.12,74.82651
68.11,74.8567
68.1,74.89119
68.09,74.93887
68.08,74.99645
68.07,75.03323
68.06,75.07888
68.05,75.12149
68.04,75.16537
68.03,75.19378
68.02,75.22573
68.01,75.26378
68,75.3102
67.99,75.35407
67.98,75.39263
67.97,75.4185
67.96,75.46948
67.95,75.49738
67.94,75.52071
67.93,75.55952
67.92,75.60213
67.91,75.64144
67.9,75.66858
67.89,75.71145
67.88,75.74645
67.87,75.77156
67.86,75.79895
67.85,75.83547
67.84,75.87123
67.83,75.90066
67.82,75.95367
67.81,75.99678
67.8,76.04092
67.79,76.0607
67.78,76.09038
67.77,76.13121
67.76,76.18676
67.75,76.21364
67.74,76.26817
67.73,76.2981
67.72,76.32879
67.71,76.36709
67.7,76.40818
67.69,76.43304
67.68,76.4726
67.67,76.50989
67.66,76.54844
67.65,76.57304
67.64,76.61946
67.63,76.65547
67.62,76.67424
67.61,76.70798
67.6,76.75261
67.59,76.79979
67.58,76.82642
67.57,76.85584
67.56,76.89389
67.55,76.93523
67.54,76.97074
67.53,76.99458
67.52,77.02096
67.51,77.0623
67.5,77.08538
67.49,77.10669
67.48,77.163
67.47,77.20003
67.46,77.22336
67.45,77.27485
67.44,77.31239
67.43,77.34003
67.42,77.37275
67.41,77.39558
67.4,77.42804
67.39,77.47015
67.38,77.4983
67.37,77.56754
67.36,77.59925
67.35,77.63121
67.34,77.669
67.33,77.70755
67.32,77.73012
67.31,77.77603
67.3,77.8161
67.29,77.84629
67.28,77.89042
67.27,77.92009
67.26,77.94444
67.25,77.98224
67.24,78.01521
67.23,78.05376
67.22,78.07025
67.21,78.10626
67.2,78.1542
67.19,78.18108
67.18,78.21051
67.17,78.24449
67.16,78.28051
67.15,78.32033
67.14,78.36015
67.13,78.39338
67.12,78.42255
67.11,78.4578
67.1,78.48037
67.09,78.51461
67.08,78.53212
67.07,78.57168
67.06,78.62495
67.05,78.65234
67.04,78.69013
67.03,78.72792
67.02,78.75633
67.01,78.79032
67,78.83064
66.99,78.8489
66.98,78.87199
66.97,78.90115
66.96,78.92829
66.95,78.96532
66.94,78.98637
66.93,79.04091
66.92,79.07819
66.91,79.09975
66.9,79.13577
66.89,79.17559
66.88,79.20019
66.87,79.23874
66.86,79.27121
66.85,79.292
66.84,79.32878
66.83,79.35135
66.82,79.37925
66.81,79.4206
66.8,79.466
66.79,79.49593
66.78,79.52154
66.77,79.55376
66.76,79.59434
66.75,79.63238
66.74,79.6547
66.73,79.70137
66.72,79.72902
66.71,79.76579
66.7,79.79471
66.69,79.82438
66.68,79.84924
66.67,79.89489
66.66,79.92533
66.65,79.94232
66.64,79.96794
66.63,79.99559
66.62,80.02171
66.61,80.05874
66.6,80.0836
66.59,80.11835
66.58,80.1432
66.57,80.18252
66.56,80.21067
66.55,80.24947
66.54,80.26926
66.53,80.31263
66.52,80.35245
66.51,80.3839
66.5,80.42423
66.49,80.45162
66.48,80.48662
66.47,80.49854
66.46,80.52923
66.45,80.57463
66.44,80.59569
66.43,80.63196
66.42,80.66823
66.41,80.68395
66.4,80.71667
66.39,80.74127
66.38,80.76106
66.37,80.79073
66.36,80.82066
66.35,80.85135
66.34,80.87266
66.33,80.90639
66.32,80.93936
66.31,80.96954
66.3,81.02433
66.29,81.04335
66.28,81.07353
66.27,81.10955
66.26,81.1273
66.25,81.15292
66.24,81.17905
66.23,81.20111
66.22,81.22546
66.21,81.24829
66.2,81.2843
66.19,81.30891
66.18,81.35228
66.17,81.37029
66.16,81.41112
66.15,81.45449
66.14,81.49558
66.13,81.53033
66.12,81.56558
66.11,81.58435
66.1,81.61733
66.09,81.63533
66.08,81.66349
66.07,81.70356
66.06,81.72943
66.05,81.75632
66.04,81.78016
66.03,81.79614
66.02,81.82657
66.01,81.84991
66,81.88035
65.99,81.91256
65.98,81.93919
65.97,81.96049
65.96,81.99905
65.95,82.02061
65.94,82.07691
65.93,82.09923
65.92,82.1246
65.91,82.16949
65.9,82.18116
65.89,82.20424
65.88,82.23214
65.87,82.27272
65.86,82.30214
65.85,82.34729
65.84,82.38838
65.83,82.40917
65.82,82.45559
65.81,82.47791
65.8,82.49845
65.79,82.51367
65.78,82.54309
65.77,82.57251
65.76,82.59661
65.75,82.62654
65.74,82.65571
65.73,82.67727
65.72,82.70846
65.71,82.74372
65.7,82.78379
65.69,82.80358
65.68,82.82666
65.67,82.851
65.66,82.8751
65.65,82.88499
65.64,82.90554
65.63,82.92912
65.62,82.96032
65.61,82.99786
65.6,83.01942
65.59,83.04808
65.58,83.09424
65.57,83.11123
65.56,83.1437
65.55,83.1683
65.54,83.21675
65.53,83.24236
65.52,83.27001
65.51,83.30704
65.5,83.3215
65.49,83.35016
65.48,83.36411
65.47,83.38541
65.46,83.40621
65.45,83.42549
65.44,83.47038
65.43,83.49092
65.42,83.52085
65.41,83.55687
65.4,83.58401
65.39,83.60531
65.38,83.62205
65.37,83.64995
65.36,83.68394
65.35,83.72046
65.34,83.75293
65.33,83.77195
65.32,83.81507
65.31,83.84906
65.3,83.86909
65.29,83.90917
65.28,83.93377
65.27,83.96319
65.26,83.9878
65.25,84.01164
65.24,84.03776
65.23,84.05552
65.22,84.07733
65.21,84.1065
65.2,84.11715
65.19,84.14479
65.18,84.16635
65.17,84.19628
65.16,84.21074
65.15,84.23306
65.14,84.26451
65.13,84.29647
65.12,84.32132
65.11,84.34364
65.1,84.37104
65.09,84.38955
65.08,84.40731
65.07,84.4243
65.06,84.44916
65.05,84.4659
65.04,84.47756
65.03,84.50267
65.02,84.53641
65.01,84.57039
65,84.59424
64.99,84.6338
64.98,84.66677
64.97,84.69518
64.96,84.71243
64.95,84.73931
64.94,84.76087
64.93,84.79511
64.92,84.82225
64.91,84.84432
64.9,84.8641
64.89,84.88896
64.88,84.90595
64.87,84.92497
64.86,84.94958
64.85,84.98331
64.84,85.01248
64.83,85.02491
64.82,85.05864
64.81,85.07437
64.8,85.09187
64.79,85.11393
64.78,85.13321
64.77,85.15528
64.76,85.18875
64.75,85.21665
64.74,85.23821
64.73,85.25825
64.72,85.28996
64.71,85.31202
64.7,85.34677
64.69,85.37112
64.68,85.38837
64.67,85.41069
64.66,85.4434
64.65,85.46927
64.64,85.49261
64.63,85.50833
64.62,85.52888
64.61,85.55018
64.6,85.57149
64.59,85.60522
64.58,85.62983
64.57,85.65088
64.56,85.67218
64.55,85.69476
64.54,85.72519
64.53,85.74066
64.52,85.7673
64.51,85.7848
64.5,85.80991
64.49,85.83425
64.48,85.84922
64.47,85.87331
64.46,85.89132
64.45,85.91821
64.44,85.95777
64.43,85.97705
64.42,86.00191
64.41,86.03945
64.4,86.05466
64.39,86.07952
64.38,86.10387
64.37,86.12467
64.36,86.15688
64.35,86.1759
64.34,86.22054
64.33,86.25351
64.32,86.27304
64.31,86.2842
64.3,86.2979
64.29,86.31667
64.28,86.34178
64.27,86.37399
64.26,86.38667
64.25,86.40595
64.24,86.42472
64.23,86.44653
64.22,86.47696
64.21,86.48965
64.2,86.50334
64.19,86.52389
64.18,86.55585
64.17,86.57715
64.16,86.60302
64.15,86.61545
64.14,86.64766
64.13,86.67886
64.12,86.69839
64.11,86.71614
64.1,86.73288
64.09,86.75647
64.08,86.78386
64.07,86.80441
64.06,86.82597
64.05,86.84474
64.04,86.86782
64.03,86.89673
64.02,86.92083
64.01,86.94441
64,86.97485
63.99,86.99032
63.98,86.99692
63.97,87.01695
63.96,87.03395
63.95,87.06007
63.94,87.08138
63.93,87.10877
63.92,87.1321
63.91,87.15873
63.9,87.17471
63.89,87.19602
63.88,87.22925
63.87,87.24421
63.86,87.26526
63.85,87.29595
63.84,87.31396
63.83,87.33704
63.82,87.35809
63.81,87.3761
63.8,87.39817
63.79,87.42784
63.78,87.45853
63.77,87.47223
63.76,87.49531
63.75,87.5227
63.74,87.54299
63.73,87.56379
63.72,87.58357
63.71,87.60057
63.7,87.61578
63.69,87.63405
63.68,87.66321
63.67,87.67285
63.66,87.69644
63.65,87.71698
63.64,87.7322
63.63,87.7492
63.62,87.7672
63.61,87.79561
63.6,87.80905
63.59,87.82681
63.58,87.84558
63.57,87.87906
63.56,87.89326
63.55,87.91989
63.54,87.93131
63.53,87.94779
63.52,87.96707
63.51,88.00156
63.5,88.01856
63.49,88.04443
63.48,88.0632
63.47,88.07385
63.46,88.09591
63.45,88.11088
63.44,88.13853
63.43,88.154
63.42,88.17378
63.41,88.19128
63.4,88.20625
63.39,88.22248
63.38,88.25342
63.37,88.27295
63.36,88.29629
63.35,88.3148
63.34,88.32368
63.33,88.33433
63.32,88.35969
63.31,88.37897
63.3,88.4018
63.29,88.42006
63.28,88.42412
63.27,88.44136
63.26,88.46521
63.25,88.48499
63.24,88.50173
63.23,88.51568
63.22,88.54155
63.21,88.5593
63.2,88.59177
63.19,88.60851
63.18,88.62652
63.17,88.66051
63.16,88.67724
63.15,88.69119
63.14,88.70235
63.13,88.72062
63.12,88.74826
63.11,88.75968
63.1,88.78174
63.09,88.80482
63.08,88.81801
63.07,88.83856
63.06,88.84921
63.05,88.86722
63.04,88.88167
63.03,88.90957
63.02,88.93189
63.01,88.93976
63,88.96537
62.99,88.99429
62.98,89.01585
62.97,89.04375
62.96,89.05237
62.95,89.06607
62.94,89.08636
62.93,89.10411
62.92,89.12694
62.91,89.14495
62.9,89.16879
62.89,89.18705
62.88,89.20303
62.87,89.21495
62.86,89.23524
62.85,89.25274
62.84,89.26365
62.83,89.27912
62.82,89.28977
62.81,89.30651
62.8,89.31995
62.79,89.34659
62.78,89.36764
62.77,89.37854
62.76,89.40771
62.75,89.4176
62.74,89.44297
62.73,89.45692
62.72,89.48051
62.71,89.49243
62.7,89.50333
62.69,89.52185
62.68,89.53326
62.67,89.56192
62.66,89.57536
62.65,89.59033
62.64,89.61798
62.63,89.63624
62.62,89.65501
62.61,89.66388
62.6,89.68874
62.59,89.71283
62.58,89.72628
62.57,89.74073
62.56,89.75266
62.55,89.76179
62.54,89.78106
62.53,89.80288
62.52,89.81378
62.51,89.81911
62.5,89.84751
62.49,89.86882
62.48,89.88252
62.47,89.90281
62.46,89.92056
62.45,89.92817
62.44,89.94593
62.43,89.96824
62.42,89.99741
62.41,90.01542
62.4,90.04129
62.39,90.05676
62.38,90.06716
62.37,90.0801
62.36,90.09278
62.35,90.12322
62.34,90.14072
62.33,90.15568
62.32,90.16583
62.31,90.18181
62.3,90.19525
62.29,90.2026
62.28,90.22391
62.27,90.23228
62.26,90.25105
62.25,90.26119
62.24,90.27743
62.23,90.2929
62.22,90.31141
62.21,90.33094
62.2,90.34337
62.19,90.35808
62.18,90.36975
62.17,90.38218
62.16,90.405
62.15,90.41363
62.14,90.43011
62.13,90.44635
62.12,90.46004
62.11,90.47425
62.1,90.49327
62.09,90.51254
62.08,90.52954
62.07,90.55871
62.06,90.58001
62.05,90.59574
62.04,90.60943
62.03,90.62135
62.02,90.63429
62.01,90.65103
62,90.6627
61.99,90.66929
61.98,90.69415
61.97,90.71216
61.96,90.73042
61.95,90.74107
61.94,90.75781
61.93,90.77074
61.92,90.78926
61.91,90.79687
61.9,90.82274
61.89,90.8306
61.88,90.84836
61.87,90.86231
61.86,90.88437
61.85,90.89503
61.84,90.92064
61.83,90.9389
61.82,90.95412
61.81,90.96757
61.8,90.97594
61.79,90.99572
61.78,91.01271
61.77,91.02083
61.76,91.03224
61.75,91.04721
61.74,91.05887
61.73,91.0713
61.72,91.08551
61.71,91.09717
61.7,91.11264
61.69,91.12431
61.68,91.14283
61.67,91.15424
61.66,91.17174
61.65,91.18924
61.64,91.20852
61.63,91.21537
61.62,91.22906
61.61,91.23464
61.6,91.24986
61.59,91.27497
61.58,91.28486
61.57,91.30186
61.56,91.31885
61.55,91.3361
61.54,91.3536
61.53,91.37617
61.52,91.38708
61.51,91.40864
61.5,91.43019
61.49,91.44922
61.48,91.4652
61.47,91.47661
61.46,91.49157
61.45,91.50831
61.44,91.521
61.43,91.53647
61.42,91.54636
61.41,91.5527
61.4,91.5669
61.39,91.58009
61.38,91.59683
61.37,91.60419
61.36,91.61662
61.35,91.63792
61.34,91.65086
61.33,91.66836
61.32,91.67622
61.31,91.68916
61.3,91.69575
61.29,91.71401
61.28,91.72999
61.27,91.7513
61.26,91.75967
61.25,91.77894
61.24,91.7901
61.23,91.80329
61.22,91.82054
61.21,91.83423
61.2,91.84134
61.19,91.85376
61.18,91.86822
61.17,91.8771
61.16,91.89714
61.15,91.91185
61.14,91.92706
61.13,91.94
61.12,91.95268
61.11,91.96612
61.1,91.97069
61.09,91.98895
61.08,92.00569
61.07,92.01913
61.06,92.02649
61.05,92.04298
61.04,92.05135
61.03,92.07113
61.02,92.08533
61.01,92.09522
61,92.11374
60.99,92.12693
60.98,92.13149
60.97,92.14265
60.96,92.15737
60.95,92.17055
60.94,92.1911
60.93,92.20353
60.92,92.20961
60.91,92.22483
60.9,92.23244
60.89,92.25425
60.88,92.26744
60.87,92.27429
60.86,92.28799
60.85,92.30955
60.84,92.31792
60.83,92.32755
60.82,92.33947
60.81,92.34861
60.8,92.35774
60.79,92.38589
60.78,92.40364
60.77,92.41531
60.76,92.42216
60.75,92.43332
60.74,92.44499
60.73,92.45919
60.72,92.47162
60.71,92.48608
60.7,92.50003
60.69,92.51296
60.68,92.52235
60.67,92.53756
60.66,92.55785
60.65,92.56648
60.64,92.58119
60.63,92.58981
60.62,92.60452
60.61,92.61822
60.6,92.63115
60.59,92.6375
60.58,92.65931
60.57,92.6829
60.56,92.68695
60.55,92.7009
60.54,92.70724
60.53,92.71866
60.52,92.73743
60.51,92.74326
60.5,92.75087
60.49,92.76812
60.48,92.77091
60.47,92.7846
60.46,92.80921
60.45,92.82011
60.44,92.82848
60.43,92.83634
60.42,92.84091
60.41,92.85486
60.4,92.86475
60.39,92.87972
60.38,92.89443
60.37,92.90229
60.36,92.91573
60.35,92.93628
60.34,92.94363
60.33,92.95961
60.32,92.96747
60.31,92.97787
60.3,92.98726
60.29,92.99867
60.28,93.00856
60.27,93.02581
60.26,93.03038
60.25,93.04154
60.24,93.05549
60.23,93.07222
60.22,93.07603
60.21,93.09175
60.2,93.10139
60.19,93.10875
60.18,93.12143
60.17,93.13944
60.16,93.14502
60.15,93.17064
60.14,93.1818
60.13,93.19955
60.12,93.20792
60.11,93.22288
60.1,93.23557
60.09,93.24343
60.08,93.25256
60.07,93.26093
60.06,93.27184
60.05,93.27843
60.04,93.2901
60.03,93.29618
60.02,93.31267
60.01,93.32485
60,93.32865
59.99,93.33651
59.98,93.34691
59.97,93.36289
59.96,93.37278
59.95,93.38014
59.94,93.39713
59.93,93.40981
59.92,93.41768
59.91,93.43163
59.9,93.44101
59.89,93.45039
59.88,93.46029
59.87,93.4646
59.86,93.47982
59.85,93.48793
59.84,93.50366
59.83,93.51583
59.82,93.52725
59.81,93.54145
59.8,93.55159
59.79,93.56428
59.78,93.5767
59.77,93.58964
59.76,93.6008
59.75,93.61297
59.74,93.62388
59.73,93.6287
59.72,93.63555
59.71,93.6566
59.7,93.66674
59.69,93.6741
59.68,93.6878
59.67,93.70022
59.66,93.71544
59.65,93.72432
59.64,93.73193
59.63,93.73954
59.62,93.75146
59.61,93.76541
59.6,93.78494
59.59,93.79305
59.58,93.80447
59.57,93.81132
59.56,93.82552
59.55,93.83465
59.54,93.8453
59.53,93.85215
59.52,93.85773
59.51,93.8694
59.5,93.87244
59.49,93.88309
59.48,93.88817
59.47,93.89425
59.46,93.90694
59.45,93.9186
59.44,93.92647
59.43,93.9356
59.42,93.94574
59.41,93.95766
59.4,93.96908
59.39,93.97745
59.38,93.98353
59.37,93.9952
59.36,94.00281
59.35,94.01498
59.34,94.02107
59.33,94.02564
59.32,94.03046
59.31,94.04365
59.3,94.05404
59.29,94.06952
59.28,94.08321
59.27,94.0964
59.26,94.11035
59.25,94.12202
59.24,94.12963
59.23,94.14637
59.22,94.15727
59.21,94.16539
59.2,94.17376
59.19,94.18213
59.18,94.18593
59.17,94.19354
59.16,94.20521
59.15,94.21383
59.14,94.2217
59.13,94.22702
59.12,94.23894
59.11,94.24478
59.1,94.25492
59.09,94.26202
59.08,94.26735
59.07,94.2775
59.06,94.2879
59.05,94.295
59.04,94.3092
59.03,94.32214
59.02,94.33127
59.01,94.34699
59,94.35257
58.99,94.36348
58.98,94.37083
58.97,94.37312
58.96,94.38554
58.95,94.3929
58.94,94.39949
58.93,94.41167
58.92,94.42055
58.91,94.4312
58.9,94.43906
58.89,94.45555
58.88,94.46392
58.87,94.46975
58.86,94.48091
58.85,94.48928
58.84,94.50095
58.83,94.50678
58.82,94.51211
58.81,94.51363
58.8,94.52986
58.79,94.54229
58.78,94.55294
58.77,94.56512
58.76,94.5778
58.75,94.59074
58.74,94.60367
58.73,94.61077
58.72,94.61737
58.71,94.6336
58.7,94.64349
58.69,94.64527
58.68,94.65972
58.67,94.66759
58.66,94.67266
58.65,94.68103
58.64,94.68813
58.63,94.69752
58.62,94.7031
58.61,94.71096
58.6,94.71781
58.59,94.72364
58.58,94.72947
58.57,94.7452
58.56,94.74799
58.55,94.76194
58.54,94.76803
58.53,94.77437
58.52,94.78198
58.51,94.79593
58.5,94.80632
58.49,94.81317
58.48,94.82256
58.47,94.83118
58.46,94.84868
58.45,94.85452
58.44,94.85832
58.43,94.86644
58.42,94.86847
58.41,94.87633
58.4,94.88444
58.39,94.89636
58.38,94.90448
58.37,94.91995
58.36,94.93086
58.35,94.93416
58.34,94.94633
58.33,94.95445
58.32,94.96814
58.31,94.97499
58.3,94.98285
58.29,94.99148
58.28,95.00162
58.27,95.00416
58.26,95.01126
58.25,95.02267
58.24,95.02851
58.23,95.04601
58.22,95.05565
58.21,95.05793
58.2,95.06858
58.19,95.07594
58.18,95.0838
58.17,95.0871
58.16,95.09369
58.15,95.10485
58.14,95.11322
58.13,95.11906
58.12,95.12743
58.11,95.13478
58.1,95.14214
58.09,95.1434
58.08,95.14924
58.07,95.15888
58.06,95.16268
58.05,95.17156
58.04,95.18044
58.03,95.18804
58.02,95.20326
58.01,95.21163
58,95.2195
57.99,95.23243
57.98,95.23903
57.97,95.24689
57.96,95.25703
57.95,95.26337
57.94,95.27301
57.93,95.28164
57.92,95.28696
57.91,95.29635
57.9,95.30167
57.89,95.31106
57.88,95.32754
57.87,95.33135
57.86,95.34783
57.85,95.35139
57.84,95.35697
57.83,95.36457
57.82,95.37472
57.81,95.38081
57.8,95.39045
57.79,95.394
57.78,95.40718
57.77,95.41302
57.76,95.42139
57.75,95.42773
57.74,95.43356
57.73,95.43585
57.72,95.44929
57.71,95.45715
57.7,95.47364
57.69,95.47871
57.68,95.48581
57.67,95.4886
57.66,95.49748
57.65,95.50737
57.64,95.51498
57.63,95.52031
57.62,95.52715
57.61,95.53223
57.6,95.54161
57.59,95.54947
57.58,95.5548
57.57,95.55886
57.56,95.56672
57.55,95.57078
57.54,95.57813
57.53,95.5898
57.52,95.59564
57.51,95.60375
57.5,95.60654
57.49,95.61466
57.48,95.62125
57.47,95.6314
57.46,95.64129
57.45,95.64611
57.44,95.64941
57.43,95.65879
57.42,95.67629
57.41,95.68238
57.4,95.68948
57.39,95.69988
57.38,95.70419
57.37,95.71079
57.36,95.71484
57.35,95.72499
57.34,95.72753
57.33,95.73133
57.32,95.74021
57.31,95.74528
57.3,95.75137
57.29,95.75619
57.28,95.76329
57.27,95.7714
57.26,95.77318
57.25,95.77775
57.24,95.78459
57.23,95.78764
57.22,95.79804
57.21,95.80564
57.2,95.8097
57.19,95.81401
57.18,95.8201
57.17,95.82644
57.16,95.83177
57.15,95.83938
57.14,95.84851
57.13,95.85257
57.12,95.86221
57.11,95.87362
57.1,95.88047
57.09,95.88554
57.08,95.89112
57.07,95.90152
57.06,95.90811
57.05,95.91166
57.04,95.9175
57.03,95.92206
57.02,95.9284
57.01,95.93525
57,95.94261
56.99,95.94641
56.98,95.95529
56.97,95.96696
56.96,95.96899
56.95,95.97507
56.94,95.98065
56.93,95.98877
56.92,95.9941
56.91,95.99739
56.9,96.00449
56.89,96.00602
56.88,96.02326
56.87,96.03062
56.86,96.04127
56.85,96.04685
56.84,96.05015
56.83,96.05852
56.82,96.06435
56.81,96.0674
56.8,96.07171
56.79,96.07703
56.78,96.08236
56.77,96.0854
56.76,96.09124
56.75,96.0953
56.74,96.09859
56.73,96.1095
56.72,96.11508
56.71,96.11914
56.7,96.12852
56.69,96.1341
56.68,96.1407
56.67,96.14831
56.66,96.15262
56.65,96.15769
56.64,96.16378
56.63,96.17139
56.62,96.17392
56.61,96.17849
56.6,96.18255
56.59,96.19624
56.58,96.20968
56.57,96.21222
56.56,96.22084
56.55,96.22617
56.54,96.23277
56.53,96.24367
56.52,96.25027
56.51,96.25382
56.5,96.25737
56.49,96.26016
56.48,96.2665
56.47,96.26954
56.46,96.27208
56.45,96.27943
56.44,96.2873
56.43,96.29136
56.42,96.29592
56.41,96.30099
56.4,96.3081
56.39,96.31418
56.38,96.31849
56.37,96.32483
56.36,96.33016
56.35,96.34132
56.34,96.34589
56.33,96.35172
56.32,96.3606
56.31,96.36871
56.3,96.37201
56.29,96.37962
56.28,96.38165
56.27,96.38596
56.26,96.389
56.25,96.39078
56.24,96.39814
56.23,96.40016
56.22,96.40422
56.21,96.41158
56.2,96.41741
56.19,96.42248
56.18,96.4306
56.17,96.43872
56.16,96.44277
56.15,96.44455
56.14,96.44861
56.13,96.45546
56.12,96.45825
56.11,96.46433
56.1,96.46738
56.09,96.48107
56.08,96.48868
56.07,96.49401
56.06,96.50441
56.05,96.50948
56.04,96.51658
56.03,96.52064
56.02,96.52546
56.01,96.52977
56,96.53738
55.99,96.54017
55.98,96.546
55.97,96.55133
55.96,96.55463
55.95,96.55919
55.94,96.56477
55.93,96.56985
55.92,96.57619
55.91,96.5772
55.9,96.58126
55.89,96.58557
55.88,96.5909
55.87,96.59648
55.86,96.59977
55.85,96.60662
55.84,96.61017
55.83,96.61728
55.82,96.61905
55.81,96.62844
55.8,96.63402
55.79,96.6401
55.78,96.64441
55.77,96.6472
55.76,96.64974
55.75,96.65152
55.74,96.65811
55.73,96.66217
55.72,96.66623
55.71,96.67079
55.7,96.68018
55.69,96.68424
55.68,96.69514
55.67,96.70097
55.66,96.71087
55.65,96.71746
55.64,96.72177
55.63,96.72761
55.62,96.73014
55.61,96.73166
55.6,96.73522
55.59,96.73826
55.58,96.74232
55.57,96.74409
55.56,96.75043
55.55,96.75627
55.54,96.76109
55.53,96.76692
55.52,96.77377
55.51,96.77986
55.5,96.78265
55.49,96.78823
55.48,96.79254
55.47,96.79507
55.46,96.79837
55.45,96.79939
55.44,96.80573
55.43,96.80877
55.42,96.81435
55.41,96.81638
55.4,96.82018
55.39,96.82247
55.38,96.82754
55.37,96.83185
55.36,96.83413
55.35,96.8387
55.34,96.84326
55.33,96.86076
55.32,96.86913
55.31,96.87243
55.3,96.877
55.29,96.88232
55.28,96.88435
55.27,96.8879
55.26,96.89627
55.25,96.89982
55.24,96.90414
55.23,96.90642
55.22,96.91428
55.21,96.91783
55.2,96.92164
55.19,96.9257
55.18,96.92975
55.17,96.93584
55.16,96.94066
55.15,96.94345
55.14,96.95055
55.13,96.95436
55.12,96.96019
55.11,96.96475
55.1,96.96729
55.09,96.97287
55.08,96.97921
55.07,96.97997
55.06,96.98352
55.05,96.98682
55.04,96.99443
55.03,97.00305
55.02,97.00838
55.01,97.0132
55,97.01954
54.99,97.0203
54.98,97.02385
54.97,97.03121
54.96,97.03501
54.95,97.03831
54.94,97.04287
54.93,97.04719
54.92,97.05302
54.91,97.05505
54.9,97.05632
54.89,97.05936
54.88,97.06139
54.87,97.06976
54.86,97.07306
54.85,97.0761
54.84,97.0827
54.83,97.08726
54.82,97.09588
54.81,97.10096
54.8,97.10654
54.79,97.11186
54.78,97.11592
54.77,97.11643
54.76,97.11947
54.75,97.1248
54.74,97.13672
54.73,97.13849
54.72,97.1423
54.71,97.14686
54.7,97.14737
54.69,97.15194
54.68,97.15371
54.67,97.15879
54.66,97.15955
54.65,97.16259
54.64,97.16639
54.63,97.16741
54.62,97.16918
54.61,97.17324
54.6,97.17781
54.59,97.17908
54.58,97.18364
54.57,97.18821
54.56,97.19024
54.55,97.19277
54.54,97.19734
54.53,97.20165
54.52,97.20393
54.51,97.21129
54.5,97.21611
54.49,97.2194
54.48,97.22498
54.47,97.22853
54.46,97.23006
54.45,97.2364
54.44,97.24325
54.43,97.2473
54.42,97.25212
54.41,97.25643
54.4,97.25973
54.39,97.26328
54.38,97.26531
54.37,97.27064
54.36,97.27368
54.35,97.2785
54.34,97.28231
54.33,97.28484
54.32,97.28687
54.31,97.29144
54.3,97.29828
54.29,97.30057
54.28,97.30209
54.27,97.31046
54.26,97.313
54.25,97.31756
54.24,97.32289
54.23,97.32872
54.22,97.33303
54.21,97.33633
54.2,97.33887
54.19,97.34115
54.18,97.34292
54.17,97.35079
54.16,97.35434
54.15,97.35586
54.14,97.35662
54.13,97.36017
54.12,97.36372
54.11,97.36524
54.1,97.36879
54.09,97.37387
54.08,97.37615
54.07,97.37818
54.06,97.38351
54.05,97.38731
54.04,97.39213
54.03,97.39238
54.02,97.39644
54.01,97.40025
54,97.40785
53.99,97.41039
53.98,97.41496
53.97,97.41978
53.96,97.42358
53.95,97.42561
53.94,97.43246
53.93,97.44133
53.92,97.44641
53.91,97.44818
53.9,97.45376
53.89,97.45731
53.88,97.46315
53.87,97.46619
53.86,97.46847
53.85,97.47253
53.84,97.47811
53.83,97.47938
53.82,97.48039
53.81,97.48318
53.8,97.48876
53.79,97.49231
53.78,97.49866
53.77,97.50449
53.76,97.50779
53.75,97.50829
53.74,97.51362
53.73,97.51616
53.72,97.51869
53.71,97.52326
53.7,97.53036
53.69,97.5367
53.68,97.53949
53.67,97.54456
53.66,97.54862
53.65,97.55141
53.64,97.55446
53.63,97.55699
53.62,97.55801
53.61,97.56308
53.6,97.56536
53.59,97.5717
53.58,97.57196
53.57,97.57728
53.56,97.5821
53.55,97.58667
53.54,97.59174
53.53,97.59529
53.52,97.5991
53.51,97.60112
53.5,97.6062
53.49,97.61051
53.48,97.61228
53.47,97.61558
53.46,97.61812
53.45,97.62167
53.44,97.62674
53.43,97.63384
53.42,97.63587
53.41,97.63892
53.4,97.64069
53.39,97.64171
53.38,97.64627
53.37,97.65084
53.36,97.65261
53.35,97.65464
53.34,97.65997
53.33,97.662
53.32,97.66479
53.31,97.66529
53.3,97.66986
53.29,97.67366
53.28,97.67772
53.27,97.67874
53.26,97.68026
53.25,97.68203
53.24,97.68381
53.23,97.68711
53.22,97.68837
53.21,97.6937
53.2,97.69573
53.19,97.69953
53.18,97.7041
53.17,97.70943
53.16,97.71272
53.15,97.71602
53.14,97.71957
53.13,97.72109
53.12,97.72591
53.11,97.72946
53.1,97.73175
53.09,97.7353
53.08,97.7391
53.07,97.74595
53.06,97.7495
53.05,97.7533
53.04,97.75736
53.03,97.76193
53.02,97.76599
53.01,97.76852
53,97.77106
52.99,97.77385
52.98,97.77841
52.97,97.77892
52.96,97.78171
52.95,97.78349
52.94,97.78552
52.93,97.79135
52.92,97.79871
52.91,97.80175
52.9,97.80327
52.89,97.80809
52.88,97.8091
52.87,97.81063
52.86,97.81595
52.85,97.81874
52.84,97.82077
52.83,97.82458
52.82,97.82686
52.81,97.8294
52.8,97.83269
52.79,97.83498
52.78,97.83878
52.77,97.84132
52.76,97.84309
52.75,97.84487
52.74,97.84816
52.73,97.85045
52.72,97.85273
52.71,97.85831
52.7,97.86009
52.69,97.87682
52.68,97.87733
52.67,97.88012
52.66,97.88266
52.65,97.88469
52.64,97.88798
52.63,97.88951
52.62,97.89204
52.61,97.89661
52.6,97.89838
52.59,97.90625
52.58,97.90701
52.57,97.90828
52.56,97.9136
52.55,97.91538
52.54,97.9202
52.53,97.92172
52.52,97.92248
52.51,97.92907
52.5,97.93541
52.49,97.9382
52.48,97.93846
52.47,97.94328
52.46,97.94429
52.45,97.9481
52.44,97.95013
52.43,97.95317
52.42,97.95494
52.41,97.96027
52.4,97.96636
52.39,97.96788
52.38,97.96839
52.37,97.9727
52.36,97.97346
52.35,97.976
52.34,97.97853
52.33,97.98107
52.32,97.98741
52.31,97.98868
52.3,97.98893
52.29,97.99198
52.28,97.99451
52.27,97.99629
52.25,98.00237
52.24,98.00339
52.23,98.00897
52.22,98.01353
52.21,98.01708
52.2,98.02114
52.19,98.02393
52.18,98.02723
52.17,98.03053
52.16,98.03332
52.15,98.0394
52.14,98.03991
52.13,98.04143
52.12,98.04676
52.11,98.04752
52.1,98.0498
52.09,98.05107
52.08,98.05209
52.07,98.05513
52.06,98.05792
52.05,98.05944
52.04,98.06578
52.03,98.07035
52.02,98.07187
52.01,98.07466
52,98.07593
51.99,98.08075
51.98,98.08176
51.97,98.08481
51.96,98.08557
51.95,98.08734
51.94,98.08962
51.93,98.09191
51.92,98.09546
51.91,98.09825
51.9,98.10104
51.89,98.10383
51.88,98.1051
51.87,98.10839
51.86,98.11093
51.85,98.11575
51.84,98.11854
51.83,98.1226
51.82,98.12564
51.81,98.12767
51.8,98.13223
51.79,98.13579
51.78,98.13655
51.77,98.13908
51.76,98.14289
51.75,98.1439
51.74,98.14669
51.73,98.14796
51.72,98.14974
51.71,98.15202
51.7,98.15582
51.69,98.15836
51.68,98.15937
51.67,98.16343
51.66,98.16622
51.65,98.17155
51.64,98.17256
51.63,98.17535
51.62,98.17662
51.61,98.17789
51.6,98.18068
51.59,98.18322
51.58,98.18702
51.57,98.18956
51.56,98.19184
51.55,98.19514
51.54,98.1959
51.53,98.19869
51.52,98.20148
51.51,98.20376
51.5,98.20477
51.49,98.20782
51.48,98.21162
51.47,98.21568
51.46,98.21771
51.45,98.22025
51.44,98.22151
51.43,98.2238
51.42,98.2243
51.41,98.22811
51.4,98.23115
51.39,98.23572
51.38,98.23775
51.37,98.24257
51.36,98.24307
51.35,98.24586
51.34,98.24713
51.33,98.24891
51.32,98.2522
51.31,98.25296
51.3,98.25575
51.29,98.25677
51.28,98.25829
51.27,98.25981
51.26,98.26184
51.25,98.26768
51.24,98.26894
51.23,98.27072
51.22,98.27097
51.21,98.27376
51.2,98.27858
51.19,98.2796
51.18,98.28289
51.17,98.28442
51.16,98.28695
51.15,98.28771
51.14,98.29253
51.13,98.29659
51.12,98.30116
51.11,98.30242
51.1,98.30318
51.09,98.30521
51.08,98.308
51.07,98.31155
51.06,98.31384
51.05,98.31587
51.04,98.31663
51.03,98.3184
51.02,98.31992
51.01,98.32195
51,98.32398
50.99,98.32804
50.98,98.33337
50.97,98.33819
50.96,98.34174
50.95,98.34503
50.94,98.34833
50.93,98.34985
50.92,98.35493
50.91,98.35569
50.9,98.35848
50.89,98.35873
50.88,98.36025
50.87,98.36406
50.86,98.36507
50.85,98.36583
50.84,98.36989
50.83,98.37217
50.82,98.37319
50.81,98.37826
50.8,98.38156
50.79,98.38359
50.78,98.38587
50.77,98.38663
50.76,98.38714
50.75,98.39196
50.74,98.39449
50.73,98.39652
50.72,98.39804
50.71,98.40109
50.7,98.40185
50.69,98.40438
50.68,98.40692
50.67,98.40794
50.66,98.40895
50.65,98.41073
50.64,98.41301
50.63,98.41631
50.62,98.42011
50.61,98.4229
50.6,98.42696
50.59,98.42924
50.58,98.43254
50.57,98.43558
50.56,98.43685
50.55,98.43964
50.53,98.4437
50.52,98.447
50.51,98.44826
50.5,98.45055
50.49,98.45131
50.48,98.45486
50.47,98.45587
50.46,98.4579
50.45,98.46095
50.44,98.46196
50.43,98.465
50.42,98.46653
50.41,98.46855
50.4,98.47084
50.39,98.47261
50.38,98.47363
50.37,98.47464
50.36,98.47845
50.35,98.48098
50.34,98.48504
50.33,98.48606
50.32,98.48682
50.31,98.48707
50.3,98.49087
50.29,98.49341
50.28,98.49544
50.27,98.4962
50.25,98.49848
50.24,98.4995
50.23,98.50254
50.22,98.50432
50.21,98.50609
50.2,98.5066
50.19,98.50914
50.18,98.51116
50.17,98.51193
50.16,98.51345
50.15,98.51674
50.14,98.51852
50.13,98.52486
50.12,98.53019
50.11,98.5383
50.1,98.54236
50.09,98.54287
50.08,98.54363
50.07,98.54414
50.06,98.5449
50.05,98.54541
50.04,98.54566
50.03,98.54667
50.02,98.54794
50.01,98.5487
50,98.54946
49.99,98.55149
49.98,98.55454
49.97,98.55631
49.96,98.55834
49.95,98.56291
49.94,98.56494
49.93,98.56671
49.92,98.56798
49.91,98.56899
49.9,98.56975
49.89,98.57128
49.88,98.5728
49.87,98.57356
49.86,98.57812
49.85,98.57914
49.84,98.58091
49.83,98.5837
49.82,98.58472
49.81,98.58675
49.8,98.58751
49.79,98.58954
49.78,98.5903
49.77,98.59309
49.76,98.59512
49.75,98.59791
49.74,98.60197
49.73,98.60273
49.72,98.60374
49.71,98.60501
49.7,98.60602
49.69,98.60907
49.68,98.60983
49.67,98.61211
49.66,98.61338
49.65,98.61465
49.64,98.61617
49.63,98.61845
49.62,98.62023
49.61,98.62124
49.6,98.62505
49.59,98.62606
49.58,98.62708
49.57,98.62784
49.56,98.62809
49.55,98.63215
49.54,98.63494
49.53,98.63595
49.52,98.63722
49.51,98.63798
49.5,98.63849
49.49,98.64077
49.48,98.64305
49.47,98.64584
49.46,98.64686
49.45,98.64863
49.44,98.6494
49.43,98.65193
49.42,98.65472
49.41,98.65624
49.4,98.65726
49.39,98.65827
49.38,98.66309
49.37,98.66436
49.36,98.66664
49.35,98.66994
49.34,98.67374
49.33,98.67476
49.31,98.6778
49.3,98.68186
49.29,98.68516
49.28,98.68896
49.27,98.69454
49.26,98.69809
49.25,98.69911
49.24,98.69962
49.22,98.70088
49.21,98.70114
49.2,98.70317
49.19,98.70443
49.18,98.70773
49.17,98.70824
49.15,98.71154
49.14,98.71255
49.13,98.71331
49.12,98.71559
49.11,98.71813
49.1,98.72143
49.09,98.72396
49.08,98.72625
49.06,98.72777
49.05,98.72802
49.04,98.73081
49.03,98.73284
49.02,98.73411
49.01,98.73868
49,98.73893
48.99,98.7402
48.98,98.74223
48.97,98.74349
48.95,98.74451
48.94,98.74603
48.93,98.74755
48.92,98.74907
48.91,98.75212
48.9,98.75288
48.89,98.75339
48.88,98.75567
48.87,98.75744
48.86,98.75897
48.85,98.76125
48.84,98.76353
48.83,98.76734
48.82,98.76784
48.81,98.77063
48.79,98.77114
48.78,98.77165
48.77,98.77215
48.76,98.77292
48.75,98.77444
48.74,98.77647
48.73,98.77799
48.72,98.78052
48.71,98.78129
48.7,98.78331
48.69,98.7856
48.68,98.78585
48.67,98.78889
48.65,98.79371
48.64,98.79676
48.63,98.79726
48.62,98.79879
48.61,98.79955
48.6,98.80234
48.59,98.80411
48.58,98.80538
48.57,98.80614
48.56,98.80665
48.55,98.80766
48.54,98.80868
48.52,98.81096
48.51,98.81198
48.5,98.8135
48.49,98.81654
48.48,98.81832
48.47,98.82111
48.46,98.82263
48.45,98.8244
48.44,98.82795
48.43,98.82973
48.42,98.831
48.41,98.83353
48.4,98.83582
48.39,98.83658
48.38,98.83734
48.37,98.8381
48.36,98.83988
48.35,98.84089
48.34,98.84241
48.33,98.84267
48.32,98.84292
48.31,98.84368
48.3,98.84419
48.29,98.84622
48.28,98.84825
48.27,98.85027
48.26,98.85078
48.25,98.85306
48.24,98.85383
48.23,98.85509
48.22,98.8556
48.21,98.85611
48.2,98.85738
48.19,98.85991
48.18,98.86143
48.17,98.86194
48.16,98.86372
48.15,98.86448
48.14,98.86575
48.13,98.86625
48.12,98.8693
48.11,98.8698
48.1,98.87107
48.09,98.87209
48.08,98.87589
48.07,98.87741
48.06,98.8797
48.05,98.88071
48.04,98.88325
48.03,98.88401
48.02,98.88731
48.01,98.88807
48,98.88832
47.99,98.89035
47.98,98.8906
47.97,98.89238
47.96,98.89441
47.95,98.89466
47.94,98.89669
47.93,98.89897
47.92,98.89923
47.91,98.90202
47.9,98.90303
47.89,98.90455
47.88,98.90683
47.87,98.90709
47.86,98.90861
47.85,98.91064
47.84,98.91191
47.83,98.91216
47.82,98.91267
47.81,98.91444
47.8,98.9147
47.79,98.91647
47.78,98.91749
47.77,98.91774
47.76,98.92028
47.75,98.92307
47.74,98.92459
47.73,98.92484
47.72,98.92636
47.71,98.92713
47.7,98.92992
47.69,98.93093
47.68,98.93245
47.67,98.93473
47.66,98.93803
47.65,98.93854
47.64,98.93955
47.63,98.93981
47.62,98.94209
47.61,98.94513
47.6,98.94589
47.59,98.94843
47.58,98.95147
47.57,98.95426
47.56,98.95553
47.55,98.95782
47.53,98.95807
47.52,98.95934
47.51,98.95959
47.49,98.9601
47.48,98.96162
47.47,98.96187
47.46,98.96238
47.45,98.96492
47.44,98.96568
47.43,98.96847
47.42,98.96872
47.41,98.97126
47.4,98.97177
47.39,98.97278
47.38,98.97303
47.37,98.97329
47.36,98.97608
47.35,98.9776
47.34,98.97963
47.33,98.9809
47.32,98.98115
47.31,98.9814
47.3,98.98394
47.29,98.98445
47.28,98.98597
47.27,98.98648
47.26,98.98749
47.25,98.98977
47.24,98.99053
47.23,98.99256
47.22,98.99383
47.21,98.99662
47.2,98.99738
47.19,98.99764
47.18,98.9984
47.17,98.9989
47.16,98.99916
47.15,99.00119
47.14,99.00169
47.13,99.00398
47.12,99.00525
47.11,99.0055
47.1,99.00727
47.09,99.01006
47.08,99.01184
47.07,99.01285
47.06,99.01564
47.05,99.01641
47.03,99.01767
47.01,99.01843
47,99.02148
46.99,99.02275
46.98,99.02452
46.97,99.02503
46.96,99.02579
46.95,99.02858
46.94,99.02934
46.93,99.03086
46.92,99.03289
46.91,99.03517
46.9,99.03619
46.89,99.03974
46.88,99.04151
46.87,99.04405
46.86,99.04583
46.85,99.0476
46.84,99.04786
46.83,99.04862
46.81,99.0509
46.8,99.05141
46.79,99.05267
46.78,99.05445
46.77,99.05521
46.76,99.05673
46.75,99.05775
46.74,99.06028
46.73,99.06155
46.72,99.06307
46.71,99.06383
46.7,99.06485
46.69,99.06561
46.68,99.06688
46.67,99.0684
46.66,99.06865
46.65,99.07144
46.64,99.07195
46.63,99.07297
46.62,99.07322
46.61,99.07398
46.6,99.07652
46.59,99.07728
46.58,99.07981
46.57,99.08057
46.55,99.0821
46.54,99.08286
46.53,99.08463
46.52,99.08514
46.51,99.0859
46.5,99.08742
46.49,99.08894
46.48,99.09021
46.45,99.09097
46.44,99.09275
46.43,99.09351
46.42,99.09605
46.41,99.09833
46.4,99.09985
46.39,99.10137
46.38,99.10163
46.37,99.10289
46.35,99.10366
46.34,99.10492
46.33,99.10543
46.32,99.10645
46.31,99.10822
46.3,99.11
46.29,99.11025
46.28,99.11228
46.27,99.11304
46.26,99.11355
46.25,99.11405
46.24,99.11583
46.23,99.11659
46.22,99.11938
46.21,99.11963
46.2,99.1204
46.19,99.12268
46.18,99.12344
46.17,99.12471
46.16,99.12724
46.15,99.128
46.14,99.12978
46.13,99.13054
46.12,99.13282
46.11,99.13561
46.1,99.13612
46.09,99.13688
46.08,99.13739
46.07,99.13993
46.06,99.14069
46.05,99.14297
46.04,99.14525
46.02,99.14601
46.01,99.14627
46,99.14677
45.99,99.14779
45.98,99.14956
45.97,99.15007
45.96,99.15286
45.95,99.15311
45.94,99.15337
45.93,99.15362
45.92,99.15489
45.91,99.15641
45.9,99.15717
45.89,99.15895
45.88,99.15945
45.87,99.16123
45.86,99.16199
45.84,99.16351
45.83,99.16427
45.82,99.1658
45.8,99.1663
45.79,99.16656
45.78,99.16808
45.77,99.16884
45.76,99.1696
45.75,99.17138
45.74,99.1729
45.73,99.17543
45.72,99.1767
45.71,99.17696
45.7,99.17721
45.69,99.17873
45.68,99.18051
45.67,99.18101
45.66,99.1833
45.64,99.18406
45.63,99.18482
45.62,99.18609
45.61,99.18735
45.6,99.19116
45.59,99.19268
45.58,99.1937
45.57,99.19496
45.56,99.19674
45.55,99.19775
45.54,99.19851
45.53,99.19928
45.52,99.20004
45.51,99.20029
45.5,99.20257
45.48,99.20283
45.47,99.20333
45.46,99.20384
45.45,99.20511
45.44,99.20562
45.43,99.20638
45.42,99.2079
45.41,99.20841
45.4,99.20917
45.39,99.21145
45.38,99.21221
45.37,99.21246
45.36,99.21373
45.35,99.21551
45.34,99.21576
45.33,99.21602
45.32,99.21703
45.31,99.21728
45.3,99.21754
45.29,99.2183
45.28,99.21855
45.27,99.22058
45.26,99.2221
45.25,99.22261
45.24,99.22616
45.23,99.22641
45.22,99.22794
45.21,99.22819
45.2,99.22971
45.19,99.23047
45.18,99.23149
45.17,99.23301
45.16,99.23402
45.15,99.23504
45.14,99.23834
45.13,99.23935
45.12,99.23986
45.11,99.24036
45.1,99.24062
45.09,99.24341
45.08,99.24468
45.07,99.24544
45.06,99.24696
45.05,99.24823
45.04,99.24924
45,99.24975
44.99,99.25
44.98,99.25076
44.97,99.25178
44.96,99.25203
44.95,99.25305
44.94,99.2533
44.93,99.25355
44.92,99.25431
44.91,99.25533
44.89,99.25558
44.88,99.25761
44.86,99.25837
44.85,99.25939
44.84,99.2604
44.83,99.26268
44.82,99.26395
44.81,99.26446
44.8,99.26547
44.79,99.26624
44.78,99.2675
44.77,99.26826
44.76,99.26953
44.75,99.26979
44.74,99.27004
44.73,99.27258
44.72,99.27283
44.71,99.27384
44.69,99.27486
44.68,99.27511
44.67,99.27587
44.64,99.2779
44.63,99.27816
44.62,99.27892
44.61,99.28044
44.6,99.28145
44.59,99.28221
44.58,99.28272
44.57,99.28348
44.56,99.28399
44.55,99.2845
44.54,99.28602
44.53,99.28653
44.52,99.28678
44.51,99.28703
44.5,99.28779
44.49,99.28957
44.48,99.29058
44.47,99.29109
44.46,99.29236
44.45,99.29337
44.44,99.29718
44.43,99.29794
44.42,99.29921
44.41,99.30022
44.4,99.30174
44.39,99.302
44.38,99.30327
44.37,99.30352
44.36,99.30504
44.34,99.3058
44.33,99.30656
44.32,99.30707
44.31,99.30783
44.3,99.30885
44.29,99.30935
44.28,99.30961
44.27,99.30986
44.26,99.31062
44.25,99.31214
44.24,99.3124
44.23,99.31341
44.22,99.31544
44.2,99.31671
44.19,99.31696
44.18,99.31722
44.17,99.31772
44.16,99.31823
44.15,99.31848
44.14,99.31899
44.12,99.32001
44.11,99.32127
44.1,99.32305
44.09,99.32432
44.07,99.32559
44.06,99.32609
44.05,99.32787
44.04,99.32888
44.03,99.32914
44.02,99.3304
44,99.33091
43.99,99.33142
43.98,99.33218
43.97,99.33294
43.96,99.33345
43.94,99.33497
43.93,99.33548
43.92,99.33649
43.91,99.33725
43.9,99.33954
43.89,99.3403
43.88,99.34055
43.87,99.34156
43.86,99.34182
43.84,99.34309
43.82,99.34334
43.81,99.34435
43.8,99.34512
43.79,99.34664
43.78,99.34714
43.77,99.34816
43.76,99.34968
43.74,99.35019
43.73,99.3507
43.72,99.35146
43.71,99.35171
43.7,99.35222
43.69,99.35298
43.67,99.35374
43.66,99.35551
43.65,99.35602
43.64,99.35881
43.63,99.35932
43.62,99.36008
43.61,99.36084
43.59,99.3616
43.58,99.36211
43.57,99.36338
43.56,99.36388
43.55,99.36439
43.54,99.36591
43.52,99.36642
43.51,99.36769
43.5,99.36794
43.49,99.3682
43.48,99.3687
43.47,99.36921
43.46,99.37073
43.44,99.37175
43.42,99.37302
43.41,99.37403
43.4,99.37504
43.39,99.37555
43.38,99.37631
43.37,99.37657
43.36,99.37783
43.35,99.3786
43.34,99.3791
43.33,99.37936
43.31,99.37961
43.3,99.38062
43.29,99.38189
43.28,99.38215
43.27,99.3824
43.26,99.38291
43.25,99.3857
43.24,99.3862
43.23,99.38722
43.22,99.38747
43.21,99.38773
43.2,99.38874
43.19,99.39026
43.18,99.39077
43.17,99.39128
43.16,99.39178
43.15,99.39331
43.14,99.39432
43.13,99.39534
43.12,99.3961
43.11,99.39736
43.1,99.39813
43.09,99.39838
43.08,99.39914
43.07,99.40015
43.06,99.40092
43.03,99.40193
43.01,99.40244
43,99.40294
42.99,99.40548
42.97,99.40599
42.95,99.40624
42.94,99.40878
42.93,99.4103
42.91,99.41055
42.9,99.41106
42.89,99.41334
42.88,99.41385
42.87,99.41436
42.86,99.41613
42.85,99.4174
42.84,99.41892
42.83,99.41918
42.82,99.41943
42.81,99.41994
42.8,99.42121
42.78,99.42171
42.77,99.42247
42.76,99.42273
42.74,99.42526
42.73,99.42552
42.72,99.42679
42.71,99.42755
42.7,99.42881
42.68,99.42932
42.67,99.42958
42.66,99.43034
42.65,99.43084
42.64,99.43135
42.63,99.43186
42.62,99.43211
42.61,99.43287
42.6,99.43389
42.59,99.43439
42.58,99.43465
42.57,99.43642
42.56,99.43693
42.54,99.43896
42.51,99.43947
42.48,99.43972
42.47,99.44124
42.46,99.4415
42.44,99.44251
42.43,99.44276
42.42,99.44327
42.41,99.44429
42.4,99.44479
42.39,99.44581
42.36,99.44632
42.34,99.44708
42.33,99.44784
42.32,99.44834
42.3,99.44911
42.29,99.45063
42.28,99.45088
42.27,99.45164
42.26,99.4524
42.25,99.45266
42.24,99.45595
42.23,99.45646
42.22,99.45697
42.21,99.45722
42.2,99.45824
42.18,99.459
42.17,99.4595
42.16,99.46027
42.15,99.46052
42.14,99.46077
42.13,99.46179
42.12,99.46382
42.11,99.46432
42.1,99.46458
42.09,99.46559
42.08,99.46686
42.07,99.46813
42.06,99.4694
42.05,99.46965
42.04,99.4699
42.03,99.47066
42.01,99.47244
42,99.47345
41.99,99.47447
41.98,99.47472
41.96,99.47574
41.95,99.4765
41.94,99.47675
41.93,99.47751
41.91,99.47777
41.9,99.47827
41.89,99.47929
41.88,99.48005
41.85,99.48106
41.82,99.48157
41.81,99.48208
41.8,99.48233
41.79,99.48309
41.78,99.48385
41.77,99.48461
41.76,99.48512
41.75,99.48538
41.74,99.48639
41.73,99.48715
41.72,99.48791
41.71,99.48817
41.7,99.48867
41.69,99.48918
41.68,99.48994
41.67,99.49045
41.66,99.49121
41.65,99.49197
41.64,99.49273
41.62,99.49324
41.6,99.494
41.59,99.49451
41.57,99.49476
41.56,99.49527
41.55,99.49552
41.54,99.49577
41.53,99.49628
41.52,99.49806
41.51,99.49831
41.5,99.49933
41.48,99.50059
41.47,99.5011
41.46,99.50237
41.45,99.50313
41.44,99.50719
41.43,99.50744
41.42,99.50871
41.38,99.50922
41.37,99.50972
41.36,99.51074
41.35,99.51099
41.34,99.51175
41.32,99.51251
41.31,99.51277
41.3,99.51353
41.27,99.51404
41.26,99.5148
41.25,99.5153
41.24,99.51556
41.22,99.51581
41.21,99.51733
41.18,99.51835
41.17,99.51936
41.15,99.51987
41.14,99.52038
41.13,99.52114
41.1,99.52139
41.09,99.52241
41.08,99.52342
41.04,99.52367
41.01,99.52418
40.99,99.52469
40.98,99.52494
40.97,99.52545
40.95,99.52646
40.93,99.52697
40.92,99.52875
40.91,99.52925
40.9,99.52951
40.89,99.53027
40.88,99.53052
40.87,99.53078
40.86,99.53128
40.84,99.53154
40.83,99.53255
40.82,99.53281
40.81,99.53306
40.8,99.53331
40.79,99.53357
40.78,99.53407
40.77,99.53433
40.75,99.53509
40.74,99.5356
40.73,99.53585
40.72,99.53788
40.69,99.5394
40.68,99.54092
40.66,99.54143
40.65,99.54295
40.64,99.54346
40.63,99.54371
40.62,99.54498
40.6,99.54523
40.59,99.54574
40.58,99.54599
40.57,99.54701
40.54,99.54752
40.53,99.54777
40.52,99.55031
40.51,99.55056
40.5,99.55132
40.49,99.55157
40.47,99.55487
40.46,99.55538
40.45,99.55563
40.44,99.55589
40.43,99.55614
40.42,99.55639
40.41,99.5569
40.39,99.55715
40.38,99.55766
40.37,99.55817
40.36,99.55842
40.35,99.55994
40.34,99.56045
40.32,99.56172
40.31,99.56223
40.28,99.56273
40.27,99.56299
40.26,99.56324
40.24,99.56349
40.23,99.56426
40.22,99.56451
40.2,99.56578
40.19,99.56654
40.18,99.56679
40.17,99.5673
40.16,99.56857
40.15,99.56882
40.13,99.56984
40.12,99.57034
40.11,99.57085
40.1,99.57161
40.09,99.57186
40.07,99.57313
40.06,99.57339
40.04,99.57364
40.02,99.57389
40.01,99.57491
40,99.57542
39.99,99.57643
39.98,99.57668
39.96,99.57719
39.95,99.5777
39.94,99.57846
39.91,99.57922
39.9,99.58049
39.89,99.58074
39.88,99.581
39.87,99.58176
39.84,99.58226
39.83,99.58302
39.81,99.58328
39.8,99.58379
39.79,99.58455
39.77,99.58531
39.76,99.58607
39.75,99.58658
39.74,99.58784
39.73,99.58835
39.72,99.5886
39.71,99.58911
39.7,99.58937
39.69,99.58962
39.68,99.59139
39.66,99.59216
39.65,99.59292
39.61,99.59469
39.6,99.59545
39.57,99.59571
39.55,99.59748
39.53,99.59875
39.52,99.599
39.51,99.59926
39.5,99.60078
39.49,99.60205
39.48,99.60281
39.47,99.60306
39.46,99.60332
39.45,99.60408
39.44,99.60433
39.42,99.60484
39.36,99.60534
39.34,99.60636
39.32,99.60661
39.31,99.60687
39.3,99.60737
39.29,99.60788
39.28,99.60839
39.27,99.60864
39.24,99.6089
39.22,99.6094
39.2,99.61042
39.19,99.61092
39.18,99.61118
39.17,99.61169
39.16,99.6127
39.15,99.61295
39.14,99.61346
39.13,99.61371
39.12,99.61498
39.11,99.61574
39.1,99.616
39.09,99.61625
39.08,99.61676
39.07,99.61701
39.05,99.61727
39.03,99.61752
38.99,99.61853
38.98,99.61929
38.96,99.62132
38.95,99.62158
38.93,99.62183
38.92,99.62208
38.9,99.62335
38.89,99.62487
38.88,99.62513
38.87,99.62589
38.86,99.62614
38.85,99.62716
38.83,99.62766
38.82,99.62868
38.8,99.62893
38.79,99.6302
38.77,99.63045
38.75,99.63071
38.74,99.63096
38.73,99.63299
38.72,99.63375
38.71,99.63401
38.7,99.63426
38.69,99.63451
38.68,99.63477
38.67,99.63527
38.66,99.63553
38.64,99.63578
38.62,99.63629
38.61,99.6368
38.59,99.63705
38.57,99.6373
38.56,99.63756
38.55,99.63806
38.54,99.63832
38.53,99.63908
38.52,99.63933
38.51,99.63984
38.5,99.64085
38.49,99.64111
38.47,99.64187
38.42,99.64238
38.41,99.64288
38.4,99.64314
38.38,99.6439
38.36,99.64415
38.35,99.64466
38.33,99.64491
38.32,99.64593
38.31,99.64643
38.3,99.64669
38.29,99.64745
38.28,99.64796
38.27,99.64821
38.26,99.64846
38.25,99.64872
38.23,99.64998
38.21,99.651
38.19,99.65151
38.18,99.65227
38.17,99.65277
38.16,99.65328
38.14,99.6543
38.13,99.65455
38.11,99.65556
38.1,99.65683
38.09,99.65709
38.08,99.65759
38.06,99.65861
38.05,99.65886
38.02,99.65912
38.01,99.65937
37.98,99.65988
37.97,99.66038
37.96,99.66064
37.94,99.66089
37.93,99.66165
37.92,99.66191
37.91,99.66216
37.9,99.66292
37.89,99.66343
37.87,99.6647
37.86,99.66495
37.83,99.6652
37.82,99.66622
37.81,99.66672
37.78,99.66723
37.77,99.66749
37.75,99.66774
37.73,99.66799
37.72,99.66926
37.69,99.66977
37.67,99.67078
37.66,99.6718
37.65,99.67205
37.64,99.6723
37.61,99.67256
37.59,99.67281
37.57,99.67307
37.56,99.67357
37.55,99.67383
37.54,99.67408
37.53,99.67509
37.51,99.6756
37.5,99.67586
37.49,99.67611
37.48,99.67636
37.47,99.67662
37.45,99.67712
37.44,99.67738
37.42,99.67814
37.41,99.67864
37.4,99.6789
37.39,99.67966
37.35,99.68245
37.33,99.68296
37.32,99.68346
37.31,99.68422
37.29,99.68448
37.28,99.68473
37.27,99.686
37.24,99.68625
37.23,99.68651
37.22,99.68676
37.18,99.68701
37.16,99.68752
37.15,99.68778
37.14,99.68828
37.13,99.68854
37.12,99.68904
37.11,99.6893
37.09,99.68955
37.08,99.69006
37.07,99.69057
37.05,99.69158
37.04,99.69183
37.01,99.69234
37,99.69285
36.98,99.6931
36.97,99.69361
36.95,99.69386
36.91,99.69513
36.9,99.69564
36.89,99.69589
36.88,99.69665
36.86,99.69691
36.85,99.69716
36.83,99.69817
36.8,99.69944
36.77,99.69995
36.76,99.7002
36.75,99.70096
36.74,99.70122
36.72,99.70198
36.68,99.70274
36.67,99.70299
36.66,99.70325
36.62,99.7035
36.61,99.70375
36.6,99.70477
36.58,99.70528
36.57,99.70578
36.56,99.70604
36.55,99.70654
36.54,99.70731
36.53,99.70807
36.52,99.70857
36.51,99.70883
36.47,99.70908
36.46,99.70933
36.45,99.7101
36.44,99.7106
36.43,99.71086
36.42,99.71111
36.41,99.71162
36.39,99.71187
36.35,99.71263
36.33,99.71339
36.31,99.71365
36.3,99.7139
36.29,99.71441
36.28,99.71466
36.27,99.71491
36.24,99.71517
36.23,99.71542
36.22,99.71568
36.21,99.71618
36.2,99.71694
36.19,99.7172
36.16,99.71745
36.1,99.71847
36.09,99.71872
36.08,99.71897
36.06,99.71973
36.05,99.71999
36.03,99.72024
36,99.72049
35.99,99.721
35.97,99.72126
35.96,99.72176
35.94,99.72252
35.93,99.72303
35.92,99.72328
35.91,99.72354
35.89,99.7243
35.88,99.72455
35.84,99.72506
35.82,99.72531
35.81,99.72557
35.79,99.72658
35.77,99.72709
35.76,99.72861
35.72,99.72886
35.7,99.72912
35.69,99.72937
35.68,99.72963
35.67,99.72988
35.66,99.73013
35.65,99.73064
35.63,99.73115
35.62,99.7314
35.61,99.73165
35.55,99.73191
35.52,99.73242
35.5,99.73267
35.49,99.73292
35.48,99.73343
35.47,99.73444
35.46,99.7347
35.44,99.73495
35.43,99.73521
35.39,99.73673
35.36,99.73698
35.3,99.73723
35.27,99.73749
35.26,99.738
35.24,99.73825
35.22,99.73876
35.21,99.73901
35.18,99.73952
35.16,99.73977
35.15,99.74028
35.14,99.74079
35.13,99.74104
35.12,99.74129
35.08,99.74155
35.07,99.7418
35.06,99.74205
35.03,99.74256
35.01,99.74332
35,99.74383
34.99,99.74408
34.96,99.74434
34.94,99.7451
34.9,99.7456
34.89,99.74586
34.88,99.74637
34.84,99.74662
34.8,99.74687
34.78,99.74713
34.77,99.74763
34.75,99.74789
34.74,99.74839
34.73,99.74865
34.68,99.74941
34.67,99.74992
34.66,99.75068
34.65,99.75093
34.64,99.75144
34.63,99.75195
34.61,99.7522
34.58,99.75321
34.52,99.75347
34.51,99.75397
34.5,99.75423
34.49,99.75448
34.48,99.75474
34.47,99.75499
34.45,99.75524
34.44,99.7555
34.42,99.756
34.41,99.75626
34.4,99.75651
34.39,99.75676
34.38,99.75803
34.37,99.75905
34.36,99.7593
34.35,99.75981
34.34,99.76032
34.33,99.76057
34.3,99.76082
34.29,99.76209
34.28,99.76234
34.25,99.76336
34.24,99.76361
34.22,99.76463
34.2,99.76513
34.19,99.76539
34.18,99.76564
34.16,99.7659
34.11,99.76691
34.1,99.76742
34.06,99.76767
34.04,99.76818
34.03,99.76869
34.02,99.76894
34,99.76945
33.98,99.77021
33.97,99.77046
33.96,99.77071
33.95,99.77097
33.93,99.77173
33.91,99.77198
33.9,99.77274
33.86,99.773
33.84,99.7735
33.82,99.77376
33.78,99.77401
33.72,99.77452
33.68,99.77477
33.67,99.77528
33.66,99.77579
33.63,99.77604
33.62,99.77629
33.61,99.77655
33.56,99.77731
33.55,99.77782
33.54,99.77807
33.51,99.77858
33.48,99.77883
33.47,99.77908
33.46,99.77959
33.45,99.78061
33.44,99.78086
33.43,99.78137
33.42,99.78162
33.4,99.78187
33.39,99.78238
33.38,99.78264
33.35,99.78289
33.34,99.7834
33.33,99.78365
33.31,99.7839
33.3,99.78416
33.27,99.78441
33.26,99.78517
33.23,99.78543
33.22,99.78593
33.21,99.78644
33.2,99.78695
33.12,99.7872
33.1,99.78796
33.06,99.78847
33.02,99.78898
33,99.78923
32.99,99.78948
32.97,99.78999
32.96,99.79024
32.95,99.7905
32.92,99.79075
32.9,99.79101
32.86,99.79151
32.82,99.79177
32.81,99.79303
32.79,99.79329
32.76,99.7938
32.74,99.79405
32.72,99.7943
32.71,99.79456
32.7,99.79481
32.67,99.79506
32.65,99.79557
32.64,99.79582
32.56,99.79633
32.55,99.79659
32.54,99.79785
32.49,99.79912
32.47,99.79938
32.44,99.79963
32.43,99.8009
32.37,99.80115
32.36,99.80267
32.32,99.80293
32.3,99.80318
32.24,99.80369
32.23,99.80394
32.22,99.80419
32.19,99.80445
32.18,99.8047
32.17,99.80496
32.16,99.80546
32.14,99.80572
32.11,99.80622
32.1,99.80648
32.07,99.80698
32.06,99.80724
32.02,99.80774
32.01,99.808
31.99,99.80876
31.97,99.80901
31.96,99.80927
31.95,99.80952
31.93,99.81003
31.92,99.81028
31.89,99.81053
31.86,99.81079
31.85,99.8113
31.83,99.8118
31.81,99.81206
31.76,99.81231
31.7,99.81307
31.67,99.81332
31.66,99.81358
31.57,99.81434
31.56,99.81561
31.55,99.81586
31.52,99.81611
31.51,99.81637
31.5,99.81662
31.43,99.81688
31.42,99.81738
31.37,99.81789
31.3,99.81814
31.28,99.8189
31.2,99.81941
31.19,99.81967
31.18,99.81992
31.16,99.82195
31.14,99.8222
31.09,99.82271
31.05,99.82296
31.04,99.82347
31.02,99.82372
31,99.82398
30.99,99.82448
30.97,99.82474
30.96,99.82499
30.93,99.82525
30.9,99.82575
30.86,99.82626
30.85,99.82651
30.84,99.82677
30.83,99.82753
30.81,99.82778
30.78,99.82804
30.77,99.82829
30.76,99.82854
30.75,99.82905
30.73,99.82981
30.68,99.83006
30.67,99.83057
30.66,99.83083
30.64,99.83108
30.62,99.83184
30.58,99.83209
30.57,99.83235
30.52,99.8326
30.51,99.83285
30.5,99.83362
30.49,99.83387
30.47,99.83412
30.46,99.83438
30.43,99.83488
30.42,99.83514
30.38,99.83564
30.37,99.83666
30.36,99.83818
30.33,99.83843
30.27,99.8392
30.26,99.83945
30.16,99.8397
30.06,99.84021
30.03,99.84046
29.95,99.84072
29.94,99.84097
29.93,99.84122
29.89,99.84148
29.88,99.84173
29.87,99.84199
29.86,99.84224
29.8,99.84249
29.79,99.843
29.78,99.84325
29.77,99.84376
29.72,99.84401
29.7,99.84452
29.66,99.84478
29.64,99.84503
29.63,99.84528
29.62,99.84554
29.6,99.84604
29.52,99.8463
29.46,99.84706
29.39,99.84731
29.32,99.84757
29.31,99.84807
29.25,99.84833
29.21,99.84858
29.2,99.84883
29.18,99.84934
29.17,99.84959
29.13,99.84985
29.12,99.8501
29.05,99.85036
29.04,99.85061
28.89,99.85086
28.86,99.85112
28.85,99.85137
28.84,99.85162
28.8,99.85213
28.78,99.85238
28.68,99.85289
28.58,99.85315
28.57,99.8534
28.56,99.85365
28.52,99.85391
28.45,99.85416
28.42,99.85467
28.38,99.85517
28.32,99.85568
28.29,99.85594
28.26,99.85619
28.25,99.85695
28.24,99.8572
28.21,99.85771
28.11,99.85822
28.1,99.85847
28.06,99.85898
28.04,99.85923
28.03,99.85949
28.01,99.85999
27.86,99.86025
27.85,99.8605
27.81,99.86075
27.8,99.86101
27.77,99.86126
27.76,99.86152
27.74,99.86177
27.73,99.86228
27.71,99.86253
27.65,99.86278
27.61,99.86304
27.58,99.86329
27.57,99.8638
27.56,99.86481
27.5,99.86507
27.47,99.86557
27.43,99.86583
27.42,99.86608
27.41,99.86633
27.35,99.86659
27.29,99.8671
27.27,99.86786
27.24,99.86811
27.17,99.86836
27.14,99.86912
27.12,99.86938
27.11,99.86963
26.98,99.87014
26.93,99.87039
26.89,99.87065
26.88,99.8709
26.84,99.87115
26.82,99.87141
26.81,99.87166
26.8,99.87191
26.77,99.87217
26.74,99.87242
26.72,99.87268
26.66,99.87293
26.65,99.87318
26.63,99.87344
26.62,99.87369
26.6,99.87394
26.58,99.8747
26.49,99.87597
26.47,99.87623
26.33,99.87648
26.29,99.87673
26.25,99.87699
26.22,99.87775
26.19,99.87826
26.16,99.87902
26.15,99.87952
26,99.88003
25.94,99.88028
25.89,99.88054
25.85,99.8813
25.82,99.88181
25.73,99.88206
25.71,99.88231
25.7,99.88257
25.69,99.88282
25.66,99.88307
25.57,99.88333
25.5,99.88358
25.48,99.88384
25.4,99.88409
25.35,99.88434
25.29,99.8846
25.26,99.88485
25.23,99.8851
25.19,99.88536
25.13,99.88561
25.1,99.88612
25.09,99.88637
25.08,99.88688
25.07,99.88713
25.01,99.88739
24.98,99.88764
24.97,99.88789
24.92,99.88815
24.87,99.8884
24.81,99.88916
24.8,99.88942
24.68,99.88967
24.67,99.88992
24.65,99.89018
24.62,99.89043
24.61,99.89094
24.59,99.89144
24.56,99.8917
24.48,99.89221
24.47,99.89271
24.44,99.89322
24.43,99.89347
24.42,99.89423
24.38,99.89474
24.36,99.895
24.33,99.89525
24.23,99.8955
24.2,99.89576
24.17,99.89626
24.15,99.89652
24.13,99.89728
24.11,99.89779
24.05,99.89804
24.02,99.89829
23.98,99.89855
23.92,99.8988
23.84,99.89956
23.83,99.89981
23.74,99.90007
23.63,99.90032
23.62,99.90058
23.59,99.90159
23.57,99.90184
23.54,99.90235
23.53,99.9026
23.51,99.90286
23.36,99.90311
23.34,99.90337
23.31,99.90362
23.29,99.90387
23.22,99.90413
23.19,99.90438
23.18,99.90463
23.13,99.90514
23.08,99.90565
23.06,99.9059
23.03,99.90616
22.91,99.90641
22.85,99.90666
22.8,99.90717
22.77,99.90742
22.74,99.90768
22.7,99.90793
22.64,99.90818
22.62,99.90869
22.54,99.90895
22.52,99.9092
22.49,99.90971
22.48,99.90996
22.44,99.91021
22.42,99.91047
22.34,99.91072
22.32,99.91148
22.3,99.91174
22.29,99.91199
22.18,99.91224
22.16,99.9125
22.14,99.91275
22.12,99.913
22.05,99.91351
21.74,99.91402
21.73,99.91453
21.71,99.91478
21.64,99.91503
21.63,99.91529
21.62,99.91554
21.59,99.91579
21.52,99.91605
21.5,99.9163
21.4,99.91655
21.32,99.91706
21.27,99.91732
21.2,99.91757
21.13,99.91782
21.1,99.91808
21.07,99.91833
21.03,99.91884
20.93,99.91934
20.91,99.9196
20.7,99.91985
20.67,99.92011
20.65,99.92036
20.63,99.92061
20.56,99.92112
20.44,99.92137
20.26,99.92163
20.22,99.92239
20.15,99.92264
20.13,99.9229
20.12,99.92315
20.11,99.9234
20.07,99.92391
20.04,99.92416
19.97,99.92442
19.93,99.92467
19.83,99.92518
19.8,99.92543
19.63,99.92569
19.62,99.92594
19.52,99.92619
19.49,99.9267
19.46,99.92695
19.43,99.92746
19.4,99.92822
19.38,99.92848
19.36,99.92873
19.16,99.92898
19.09,99.92924
19.08,99.92949
19.03,99.92974
18.9,99.93025
18.87,99.93076
18.84,99.93101
18.83,99.93127
18.81,99.93152
18.75,99.93177
18.73,99.93228
18.71,99.93253
18.69,99.93279
18.68,99.93304
18.67,99.93329
18.56,99.93355
18.51,99.9338
18.37,99.93406
18.33,99.93431
18.3,99.93456
18.26,99.93482
18.13,99.93507
18.11,99.93532
17.94,99.93558
17.76,99.93583
17.74,99.93608
17.68,99.93634
17.64,99.93659
17.49,99.93684
17.48,99.9371
17.46,99.93735
17.45,99.93761
17.4,99.93786
17.3,99.93837
17.23,99.93862
17.22,99.93887
17.18,99.93913
17.11,99.93938
17.08,99.93963
17.07,99.93989
17.02,99.94014
16.94,99.9404
16.93,99.94065
16.84,99.9409
16.83,99.94116
16.77,99.94141
16.56,99.94166
16.45,99.94192
16.33,99.94217
16.26,99.94242
16.22,99.94268
16.19,99.94293
16.08,99.94319
16.07,99.94344
15.86,99.94369
15.54,99.94395
15.52,99.9442
15.46,99.94445
15.35,99.94471
15.33,99.94496
15.24,99.94521
15.18,99.94547
14.98,99.94572
14.96,99.94598
14.94,99.94623
14.84,99.94699
14.8,99.94724
14.76,99.9475
14.75,99.94775
14.62,99.948
14.34,99.94826
14.22,99.94851
14.17,99.94877
14.16,99.94902
14.08,99.94927
13.93,99.94953
13.88,99.94978
13.74,99.95003
13.52,99.95029
13.42,99.95054
13.37,99.95079
13.35,99.95105
13.19,99.9513
13.18,99.95156
13.08,99.95181
13.07,99.95206
13.05,99.95232
12.89,99.95257
12.87,99.95282
12.84,99.95308
12.78,99.95333
12.68,99.95358
12.66,99.95384
12.64,99.95409
12.57,99.9546
12.56,99.95511
12.2,99.95536
12.14,99.95561
12.1,99.95587
12.09,99.95612
11.97,99.95637
11.76,99.95663
11.52,99.95688
11.49,99.95714
11.43,99.95739
11.3,99.95764
11.29,99.9579
11.21,99.95815
11.17,99.95866
11.13,99.95891
11,99.95916
10.92,99.95942
10.9,99.95967
10.74,99.95993
10.67,99.96018
10.56,99.96043
10.53,99.96069
10.25,99.96094
10.23,99.96119
10.17,99.96145
9.95,99.9617
9.74,99.96195
9.63,99.96221
9.62,99.96246
9.44,99.96272
9.29,99.96297
9.12,99.96322
9.1,99.96348
8.94,99.96373
8.71,99.96398
8.69,99.96424
8.5,99.96449
8.48,99.96474
8.44,99.965
8.3,99.96525
8.24,99.96551
8.1,99.96576
7.99,99.96601
7.82,99.96627
7.69,99.96652
7.47,99.96677
7.36,99.96703
7.27,99.96728
7.12,99.96804
7.05,99.9683
6.87,99.96855
6.81,99.9688
6.68,99.96906
6.62,99.96931
6.55,99.96956
6.5,99.96982
6.33,99.97007
6.07,99.97032
5.97,99.97058
5.85,99.97083
5.69,99.97134
5.63,99.97159
5.4,99.97185
5.37,99.9721
5.33,99.97261
5.24,99.97286
5.21,99.97311
5.12,99.97337
5.01,99.97362
4.97,99.97388
4.75,99.97413
4.53,99.97438
4.29,99.97464
4.1,99.97489
4,99.97514
3.98,99.97565
3.91,99.9759
3.9,99.97616
3.78,99.97641
3.66,99.97667
3.65,99.97692
3.51,99.97717
3.37,99.97743
3.34,99.97768
3.27,99.97793
3.21,99.97819
3.15,99.97869
2.97,99.9792
2.78,99.97946
2.72,99.97971
2.67,99.97996
2.6,99.98022
2.59,99.98047
2.47,99.98072
2.36,99.98098
2.35,99.98123
2.34,99.98148
2.32,99.98174
2.11,99.98199
2.06,99.98225
2.04,99.9825
2.03,99.98275
1.73,99.98301
1.68,99.98326
1.58,99.98351
1.5,99.98377
1.41,99.98402
1.27,99.98427
1.16,99.98453
1.03,99.98478
0.99,99.98504
0.98,99.98529
0.94,99.98554
0.68,99.9858
0.66,99.9863
0.61,99.98656
0.57,99.98681
0.51,99.98706
0.46,99.98732
0.41,99.98757
0.37,99.98783
0.33,99.98808
0.2,99.98833
0.19,99.98884
0.14,99.98909
0.12,99.98935
0.09,99.98985
0.04,99.99062
0.03,99.99087
0.02,99.99138
0.01,99.99214
0,99.99975
,100
